"ordinal","reviewClass","lane","riskFlags","id","team","slug","sourceBucket","assetIndex","before","originalParts","proposedParts","reason"
"1","manual","C4A_punct_or_mixed_remaining_review","","ATL-2001-0227","los-angeles-chargers","2001-1st-round-pick-1st-overall-los-angeles-chargers-2001","S1_clean_multi_pick_split_plus_dedupe_candidate","2","Tim Dwight, 2001 1st round pick (5th overall, LaDainian Tomlinson), 2001 3rd round pick (67th overall, Tay Cody) and 2002 2nd round pick (48th overall, Reche Caldwell)","Tim Dwight || 2001 1st round pick (5th overall, LaDainian Tomlinson) || 2001 3rd round pick (67th overall, Tay Cody) and 2002 2nd round pick (48th overall, Reche Caldwell)","Tim Dwight || 2001 1st round pick (5th overall, LaDainian Tomlinson) || 2001 3rd round pick (67th overall, Tay Cody) and 2002 2nd round pick (48th overall, Reche Caldwell)","remaining punct/mixed multi-pick pattern"
"2","manual","C4A_punct_or_mixed_remaining_review","","SEA-2008-04-26-0136","seattle-seahawks","2008-1st-round-pick-28th-overall-lawrence-jackso-dallas-cowboys-2008","S1_clean_multi_pick_split_plus_dedupe_candidate","3","2008 1st round pick (28th overall, Lawrence Jackson), 2008 5th round pick (163rd overall, Owen Schmitt) and 2008 7th round pick (235th overall, Brandon Coutu)","2008 1st round pick (28th overall, Lawrence Jackson) || 2008 5th round pick (163rd overall, Owen Schmitt) and 2008 7th round pick (235th overall, Brandon Coutu)","2008 1st round pick (28th overall, Lawrence Jackson) || 2008 5th round pick (163rd overall, Owen Schmitt) and 2008 7th round pick (235th overall, Brandon Coutu)","remaining punct/mixed multi-pick pattern"
"3","manual","C4A_punct_or_mixed_remaining_review","","WAS-2008-0395","atlanta-falcons","an-undisclosed-2008-draft-pick-2008-2nd-round-pick-34th-overall-devin-thomas-and-2008-4th","S1_clean_multi_pick_split_plus_dedupe_candidate","0","2008 1st round pick (21st overall, Sam Baker), 2008 3rd round pick (84th overall, Harry Douglas) and 2008 5th round pick (154th overall, Kroy Biermann)","2008 1st round pick (21st overall, Sam Baker) || 2008 3rd round pick (84th overall, Harry Douglas) and 2008 5th round pick (154th overall, Kroy Biermann)","2008 1st round pick (21st overall, Sam Baker) || 2008 3rd round pick (84th overall, Harry Douglas) and 2008 5th round pick (154th overall, Kroy Biermann)","remaining punct/mixed multi-pick pattern"
"4","manual","C4A_punct_or_mixed_remaining_review","","SEA-2011-04-29-0156","seattle-seahawks","2011-3rd-round-pick-75th-overall-john-moffitt-detroit-lions-2011","S1_clean_multi_pick_split_plus_dedupe_candidate","4","2011 3rd round pick (75th overall, John Moffitt), 2011 4th round pick (107th overall, Kris Durham), 2011 5th round pick (154th overall, Richard Sherman) and 2011 7th round pick (205th overall, Pep Levingston)","2011 3rd round pick (75th overall, John Moffitt) || 2011 4th round pick (107th overall, Kris Durham) || 2011 5th round pick (154th overall, Richard Sherman) and 2011 7th round pick (205th overall, Pep Levingston)","2011 3rd round pick (75th overall, John Moffitt) || 2011 4th round pick (107th overall, Kris Durham) || 2011 5th round pick (154th overall, Richard Sherman) and 2011 7th round pick (205th overall, Pep Levingston)","remaining punct/mixed multi-pick pattern"
"5","manual","C4A_punct_or_mixed_remaining_review","","SEA-2011-04-29-0156","detroit-lions","2011-3rd-round-pick-75th-overall-john-moffitt-detroit-lions-2011","S1_clean_multi_pick_split_plus_dedupe_candidate","3","2011 2nd round pick (57th overall, Mikel Leshoure), 2011 5th round pick (157th overall, Doug Hogue) and 2011 7th round pick (209th overall, Johnny Culbreath)","2011 2nd round pick (57th overall, Mikel Leshoure) || 2011 5th round pick (157th overall, Doug Hogue) and 2011 7th round pick (209th overall, Johnny Culbreath)","2011 2nd round pick (57th overall, Mikel Leshoure) || 2011 5th round pick (157th overall, Doug Hogue) and 2011 7th round pick (209th overall, Johnny Culbreath)","remaining punct/mixed multi-pick pattern"
"6","manual","C4A_punct_or_mixed_remaining_review","","SEA-2012-04-26-0159","seattle-seahawks","2012-1st-round-pick-15th-overall-bruce-irvin-2-philadelphia-eagles-2012","S1_clean_multi_pick_split_plus_dedupe_candidate","3","2012 1st round pick (15th overall, Bruce Irvin), 2012 4th round pick (114th overall, Jaye Howard) and 2012 6th round pick (172nd overall, Jeremy Lane)","2012 1st round pick (15th overall, Bruce Irvin) || 2012 4th round pick (114th overall, Jaye Howard) and 2012 6th round pick (172nd overall, Jeremy Lane)","2012 1st round pick (15th overall, Bruce Irvin) || 2012 4th round pick (114th overall, Jaye Howard) and 2012 6th round pick (172nd overall, Jeremy Lane)","remaining punct/mixed multi-pick pattern"
"7","manual","C4A_punct_or_mixed_remaining_review","","SEA-2012-04-27-0160","seattle-seahawks","2012-2nd-round-pick-47th-overall-bobby-wagner-new-york-jets-2012","S1_clean_multi_pick_split_plus_dedupe_candidate","3","2012 2nd round pick (47th overall, Bobby Wagner), 2012 5th round pick (154th overall, Korey Toomer) and 2012 7th round pick (232nd overall, Greg Scruggs)","2012 2nd round pick (47th overall, Bobby Wagner) || 2012 5th round pick (154th overall, Korey Toomer) and 2012 7th round pick (232nd overall, Greg Scruggs)","2012 2nd round pick (47th overall, Bobby Wagner) || 2012 5th round pick (154th overall, Korey Toomer) and 2012 7th round pick (232nd overall, Greg Scruggs)","remaining punct/mixed multi-pick pattern"
"8","manual","C4A_punct_or_mixed_remaining_review","","MIN-2013-0235","minnesota-vikings","2013-1st-round-pick-25th-overall-xavier-rhodes-2013-7th-round-pick-214th-overall","S1_clean_multi_pick_split_plus_dedupe_candidate","0","2013 1st round pick (25th overall, Xavier Rhodes), 2013 7th round pick (214th overall, Travis Bond) and 2014 3rd round pick (96th overall, Jerick McKinnon)","2013 1st round pick (25th overall, Xavier Rhodes) || 2013 7th round pick (214th overall, Travis Bond) and 2014 3rd round pick (96th overall, Jerick McKinnon)","2013 1st round pick (25th overall, Xavier Rhodes) || 2013 7th round pick (214th overall, Travis Bond) and 2014 3rd round pick (96th overall, Jerick McKinnon)","remaining punct/mixed multi-pick pattern"
"9","manual","C4A_punct_or_mixed_remaining_review","","ATL-2017-0271","atlanta-falcons","2017-3rd-round-pick-75th-overall-buffalo-bills-2017","S1_clean_multi_pick_split_plus_dedupe_candidate","3","2017 3rd round pick (75th overall, Duke Riley), 2017 5th round pick (149th overall, Damontae Kazee) and 2017 5th round pick (156th overall, Brian Hill)","2017 3rd round pick (75th overall, Duke Riley) || 2017 5th round pick (149th overall, Damontae Kazee) and 2017 5th round pick (156th overall, Brian Hill)","2017 3rd round pick (75th overall, Duke Riley) || 2017 5th round pick (149th overall, Damontae Kazee) and 2017 5th round pick (156th overall, Brian Hill)","remaining punct/mixed multi-pick pattern"
"10","manual","C4A_punct_or_mixed_remaining_review","","SEA-2024-04-27-0231","seattle-seahawks","2024-4th-round-pick-121st-overall-aj-barner-20-denver-broncos-2024","S1_clean_multi_pick_split_plus_dedupe_candidate","3","2024 4th round pick (121st overall, AJ Barner), 2024 5th round pick (136th overall, Nehemiah Pritchett) and 2024 6th round pick (207th overall, Michael Jerrell)","2024 4th round pick (121st overall, AJ Barner) || 2024 5th round pick (136th overall, Nehemiah Pritchett) and 2024 6th round pick (207th overall, Michael Jerrell)","2024 4th round pick (121st overall, AJ Barner) || 2024 5th round pick (136th overall, Nehemiah Pritchett) and 2024 6th round pick (207th overall, Michael Jerrell)","remaining punct/mixed multi-pick pattern"
"11","manual","C34Z_other_manual_review","","PIT-2025-0390","pittsburgh-steelers","2026-3rd-round-pick-76th-overall-drew-allar-dallas-cowboys-2025","S1_clean_multi_pick_split_plus_dedupe_candidate","2","2026 3rd round pick (76th overall, Drew Allar) and a 2027 5th round pick","2026 3rd round pick (76th overall, Drew Allar) || a 2027 5th round pick","2026 3rd round pick (76th overall, Drew Allar) || a 2027 5th round pick","no clean remaining split lane detected"
"12","manual","C4A_punct_or_mixed_remaining_review","","NYJ-1994-0154","new-york-jets","ronald-moore-1995-1st-round-pick-16th-overall-hugh-douglas-and-1995-4th-round-pick-106th-o","S1_clean_multi_pick_split_plus_dedupe_candidate","0","Ronald Moore, 1995 1st round pick (16th overall, Hugh Douglas) and 1995 4th round pick (106th overall, Melvin Hayes)","Ronald Moore || 1995 1st round pick (16th overall, Hugh Douglas) and 1995 4th round pick (106th overall, Melvin Hayes)","Ronald Moore || 1995 1st round pick (16th overall, Hugh Douglas) and 1995 4th round pick (106th overall, Melvin Hayes)","remaining punct/mixed multi-pick pattern"
"13","manual","C4A_punct_or_mixed_remaining_review","","RAM-1994-0392","los-angeles-rams","1994-1st-round-pick-15th-overall-wayne-gandy-1994-2nd-round-pick-56th-overall-br","S1_clean_multi_pick_split_plus_dedupe_candidate","0","1994 1st round pick (15th overall, Wayne Gandy), 1994 2nd round pick (56th overall, Brad Ottis) and 1994 3rd round pick (100th overall, Ernest Jones)","1994 1st round pick (15th overall, Wayne Gandy) || 1994 2nd round pick (56th overall, Brad Ottis) and 1994 3rd round pick (100th overall, Ernest Jones)","1994 1st round pick (15th overall, Wayne Gandy) || 1994 2nd round pick (56th overall, Brad Ottis) and 1994 3rd round pick (100th overall, Ernest Jones)","remaining punct/mixed multi-pick pattern"
"14","manual","C4A_punct_or_mixed_remaining_review","","SF-1994-0285","green-bay-packers","1994-2nd-round-pick-53rd-overall-kevin-mitchell-green-bay-packers-1994","S1_clean_multi_pick_split_plus_dedupe_candidate","0","1994 3rd round pick (84th overall, LeShon Johnson), 1994 5th round pick (149th overall, Dorsey Levens) and 1994 6th round pick (175th overall, Ruffin Hamilton)","1994 3rd round pick (84th overall, LeShon Johnson) || 1994 5th round pick (149th overall, Dorsey Levens) and 1994 6th round pick (175th overall, Ruffin Hamilton)","1994 3rd round pick (84th overall, LeShon Johnson) || 1994 5th round pick (149th overall, Dorsey Levens) and 1994 6th round pick (175th overall, Ruffin Hamilton)","remaining punct/mixed multi-pick pattern"
"15","manual","C4A_punct_or_mixed_remaining_review","","LAC-1995-0318","los-angeles-chargers","1995-2nd-round-pick-34th-overall-terrance-shaw-1995-3rd-round-pick-98th-overall","S1_clean_multi_pick_split_plus_dedupe_candidate","0","1995 2nd round pick (34th overall, Terrance Shaw), 1995 3rd round pick (98th overall, Preston Harrison) and 1995 4th round pick (100th overall, Chris Cowart)","1995 2nd round pick (34th overall, Terrance Shaw) || 1995 3rd round pick (98th overall, Preston Harrison) and 1995 4th round pick (100th overall, Chris Cowart)","1995 2nd round pick (34th overall, Terrance Shaw) || 1995 3rd round pick (98th overall, Preston Harrison) and 1995 4th round pick (100th overall, Chris Cowart)","remaining punct/mixed multi-pick pattern"
"16","manual","C4A_punct_or_mixed_remaining_review","","JAX-1995-0005","philadelphia-eagles","1995-5th-round-pick-169th-overall-philadelphia-eagles-1995","S1_clean_multi_pick_split_plus_dedupe_candidate","0","1995 6th round pick (208th overall, Fred McCrary), 1995 7th round pick (210th overall, Kevin Bouie) and 1995 7th round pick (248th overall, Howard Smothers)","1995 6th round pick (208th overall, Fred McCrary) || 1995 7th round pick (210th overall, Kevin Bouie) and 1995 7th round pick (248th overall, Howard Smothers)","1995 6th round pick (208th overall, Fred McCrary) || 1995 7th round pick (210th overall, Kevin Bouie) and 1995 7th round pick (248th overall, Howard Smothers)","remaining punct/mixed multi-pick pattern"
"17","manual","C4A_punct_or_mixed_remaining_review","","CAR-1995-0004","green-bay-packers","panthers-green-bay-packers-trade-1995-0004","S1_clean_multi_pick_split_plus_dedupe_candidate","0","1995 1st round pick (32nd overall, Craig Newsome), 1995 3rd round pick (65th overall, Darius Holland) and 1995 6th round pick (173rd overall, Charlie Simmons)","1995 1st round pick (32nd overall, Craig Newsome) || 1995 3rd round pick (65th overall, Darius Holland) and 1995 6th round pick (173rd overall, Charlie Simmons)","1995 1st round pick (32nd overall, Craig Newsome) || 1995 3rd round pick (65th overall, Darius Holland) and 1995 6th round pick (173rd overall, Charlie Simmons)","remaining punct/mixed multi-pick pattern"
"18","manual","C4A_punct_or_mixed_remaining_review","","CHI-1996-0396","los-angeles-rams","1996-1st-round-pick-13th-overall-walt-harris-los-angeles-st-louis-rams","S1_clean_multi_pick_split_plus_dedupe_candidate","0","1996 1st round pick (18th overall, Eddie Kennison), 1996 3rd round pick (83rd overall, Jerald Moore) and 1996 6th round pick (201st overall, Hayward Clay)","1996 1st round pick (18th overall, Eddie Kennison) || 1996 3rd round pick (83rd overall, Jerald Moore) and 1996 6th round pick (201st overall, Hayward Clay)","1996 1st round pick (18th overall, Eddie Kennison) || 1996 3rd round pick (83rd overall, Jerald Moore) and 1996 6th round pick (201st overall, Hayward Clay)","remaining punct/mixed multi-pick pattern"
"19","manual","C4A_punct_or_mixed_remaining_review","","DEN-1996-04-20-0245","denver-broncos","1996-3rd-round-pick-65th-overall-detron-smith-1996-4th-round-pick-100th-overall-jeff-lewis","S1_clean_multi_pick_split_plus_dedupe_candidate","0","1996 3rd round pick (65th overall, Detron Smith), 1996 4th round pick (100th overall, Jeff Lewis) and 1996 7th round pick (213th overall, Leslie Ratliffe)","1996 3rd round pick (65th overall, Detron Smith) || 1996 4th round pick (100th overall, Jeff Lewis) and 1996 7th round pick (213th overall, Leslie Ratliffe)","1996 3rd round pick (65th overall, Detron Smith) || 1996 4th round pick (100th overall, Jeff Lewis) and 1996 7th round pick (213th overall, Leslie Ratliffe)","remaining punct/mixed multi-pick pattern"
"20","manual","C4A_punct_or_mixed_remaining_review","","DEN-1996-04-20-0246","denver-broncos","1996-4th-round-pick-122nd-overall-darrius-johnson-1996-5th-round-pick-159th-overall-patric","S1_clean_multi_pick_split_plus_dedupe_candidate","0","1996 4th round pick (122nd overall, Darrius Johnson), 1996 5th round pick (159th overall, Patrick Jeffers) and 1996 7th round pick (235th overall, L.T. Levine)","1996 4th round pick (122nd overall, Darrius Johnson) || 1996 5th round pick (159th overall, Patrick Jeffers) and 1996 7th round pick (235th overall, L.T. Levine)","1996 4th round pick (122nd overall, Darrius Johnson) || 1996 5th round pick (159th overall, Patrick Jeffers) and 1996 7th round pick (235th overall, L.T. Levine)","remaining punct/mixed multi-pick pattern"
"21","manual","C4A_punct_or_mixed_remaining_review","","DET-1996-0293","new-england-patriots","1996-3rd-round-pick-76th-overall-ryan-stewart-new-england-patriots-1996-04-20","S1_clean_multi_pick_split_plus_dedupe_candidate","0","1996 3rd round pick (86th overall, Tedy Bruschi), 1996 4th round pick (119th overall, Chris Sullivan) and 1996 6th round pick (195th overall, Marrio Grier)","1996 3rd round pick (86th overall, Tedy Bruschi) || 1996 4th round pick (119th overall, Chris Sullivan) and 1996 6th round pick (195th overall, Marrio Grier)","1996 3rd round pick (86th overall, Tedy Bruschi) || 1996 4th round pick (119th overall, Chris Sullivan) and 1996 6th round pick (195th overall, Marrio Grier)","remaining punct/mixed multi-pick pattern"
"22","manual","C4A_punct_or_mixed_remaining_review","","DEN-1997-04-19-0249","new-york-jets","1997-3rd-round-pick-67th-overall-dan-neil-new-york-jets-1997","S1_clean_multi_pick_split_plus_dedupe_candidate","0","1997 3rd round pick (88th overall, Dedric Ward), 1997 6th round pick (191st overall, Chuck Clements), 1997 7th round pick (229th overall, Jason Ferguson) and 1998 6th round pick (183rd overall, Dustin Johnson)","1997 3rd round pick (88th overall, Dedric Ward) || 1997 6th round pick (191st overall, Chuck Clements) || 1997 7th round pick (229th overall, Jason Ferguson) and 1998 6th round pick (183rd overall, Dustin Johnson)","1997 3rd round pick (88th overall, Dedric Ward) || 1997 6th round pick (191st overall, Chuck Clements) || 1997 7th round pick (229th overall, Jason Ferguson) and 1998 6th round pick (183rd overall, Dustin Johnson)","remaining punct/mixed multi-pick pattern"
"23","manual","C4A_punct_or_mixed_remaining_review","","SF-1997-0291","philadelphia-eagles","1997-3rd-round-pick-66th-overall-subsequently-traded-ronde-barber-philadelphia-eagles-1997","S1_clean_multi_pick_split_plus_dedupe_candidate","0","1997 2nd round pick (57th overall, James Darling), 1997 6th round pick (190th overall, Antwuan Wyatt) and 1997 7th round pick (227th overall, DeAuntae Brown)","1997 2nd round pick (57th overall, James Darling) || 1997 6th round pick (190th overall, Antwuan Wyatt) and 1997 7th round pick (227th overall, DeAuntae Brown)","1997 2nd round pick (57th overall, James Darling) || 1997 6th round pick (190th overall, Antwuan Wyatt) and 1997 7th round pick (227th overall, DeAuntae Brown)","remaining punct/mixed multi-pick pattern"
"24","manual","C4A_punct_or_mixed_remaining_review","","MIA-1997-0164","miami-dolphins","1997-4th-round-pick-121st-overall-rams-1997","S1_clean_multi_pick_split_plus_dedupe_candidate","0","1997 4th round pick (121st overall, Jerome Daniels), 1997 6th round pick (170th overall, Brian Manning) and 1997 6th round pick (173rd overall, Mike Crawford)","1997 4th round pick (121st overall, Jerome Daniels) || 1997 6th round pick (170th overall, Brian Manning) and 1997 6th round pick (173rd overall, Mike Crawford)","1997 4th round pick (121st overall, Jerome Daniels) || 1997 6th round pick (170th overall, Brian Manning) and 1997 6th round pick (173rd overall, Mike Crawford)","remaining punct/mixed multi-pick pattern"
"25","manual","C4A_punct_or_mixed_remaining_review","","MIA-1997-0165","miami-dolphins","1997-5th-round-pick-157th-overall-raiders-1997","S1_clean_multi_pick_split_plus_dedupe_candidate","0","1997 5th round pick (157th overall, Nicholas Lopez), 1997 6th round pick (166th overall, John Fiala) and 1997 7th round pick (203rd overall, Hudhaifa Ismaeli)","1997 5th round pick (157th overall, Nicholas Lopez) || 1997 6th round pick (166th overall, John Fiala) and 1997 7th round pick (203rd overall, Hudhaifa Ismaeli)","1997 5th round pick (157th overall, Nicholas Lopez) || 1997 6th round pick (166th overall, John Fiala) and 1997 7th round pick (203rd overall, Hudhaifa Ismaeli)","remaining punct/mixed multi-pick pattern"
"26","manual","C4A_punct_or_mixed_remaining_review","","LAC-1998-0323","arizona-cardinals","1998-1st-round-pick-2nd-overall-ryan-leaf-arizonast-louis-cardinals-1998","S1_clean_multi_pick_split_plus_dedupe_candidate","0","Eric Metcalf, Patrick Sapp, 1998 1st round pick (3rd overall, Andre Wadsworth), 1998 2nd round pick (33rd overall, Corey Chavous) and 1999 1st round pick (8th overall, David Boston)","Eric Metcalf || Patrick Sapp || 1998 1st round pick (3rd overall, Andre Wadsworth) || 1998 2nd round pick (33rd overall, Corey Chavous) and 1999 1st round pick (8th overall, David Boston)","Eric Metcalf || Patrick Sapp || 1998 1st round pick (3rd overall, Andre Wadsworth) || 1998 2nd round pick (33rd overall, Corey Chavous) and 1999 1st round pick (8th overall, David Boston)","remaining punct/mixed multi-pick pattern"
"27","manual","C4A_punct_or_mixed_remaining_review","","MIA-1998-0168","miami-dolphins","1998-3rd-round-pick-79th-overall-lions-1998","S1_clean_multi_pick_split_plus_dedupe_candidate","0","1998 3rd round pick (79th overall, Brad Jackson), 1998 5th round pick (143rd overall, Scott Shaw) and 1998 6th round pick (172nd overall, John Dutton)","1998 3rd round pick (79th overall, Brad Jackson) || 1998 5th round pick (143rd overall, Scott Shaw) and 1998 6th round pick (172nd overall, John Dutton)","1998 3rd round pick (79th overall, Brad Jackson) || 1998 5th round pick (143rd overall, Scott Shaw) and 1998 6th round pick (172nd overall, John Dutton)","remaining punct/mixed multi-pick pattern"
"28","manual","C4A_punct_or_mixed_remaining_review","","PIT-1998-0317","new-york-jets","1998-2nd-round-pick-41st-overall-jeremy-staat-new-york-jets-1998","S1_clean_multi_pick_split_plus_dedupe_candidate","0","1998 2nd round pick (56th overall, Dorian Boose), 1998 3rd round pick (87th overall, Kevin Williams) and 1998 5th round pick (149th overall, Eric Bateman)","1998 2nd round pick (56th overall, Dorian Boose) || 1998 3rd round pick (87th overall, Kevin Williams) and 1998 5th round pick (149th overall, Eric Bateman)","1998 2nd round pick (56th overall, Dorian Boose) || 1998 3rd round pick (87th overall, Kevin Williams) and 1998 5th round pick (149th overall, Eric Bateman)","remaining punct/mixed multi-pick pattern"
"29","manual","C4A_punct_or_mixed_remaining_review","","MIA-1999-0173","miami-dolphins","1999-2nd-round-pick-39th-overall-lions-1999","S1_clean_multi_pick_split_plus_dedupe_candidate","0","1999 2nd round pick (39th overall, J.J. Johnson), 1999 3rd round pick (72nd overall, Grey Ruegamer) and 1999 5th round pick (142nd overall, Bryan Jones)","1999 2nd round pick (39th overall, J.J. Johnson) || 1999 3rd round pick (72nd overall, Grey Ruegamer) and 1999 5th round pick (142nd overall, Bryan Jones)","1999 2nd round pick (39th overall, J.J. Johnson) || 1999 3rd round pick (72nd overall, Grey Ruegamer) and 1999 5th round pick (142nd overall, Bryan Jones)","remaining punct/mixed multi-pick pattern"
"30","manual","C4A_punct_or_mixed_remaining_review","","MIA-1999-0175","kansas-city-chiefs","1999-2nd-round-pick-43rd-overall-chiefs-1999","S1_clean_multi_pick_split_plus_dedupe_candidate","0","1999 2nd round pick (54th overall, Mike Cloud), 1999 3rd round pick (84th overall, Larry Atkins) and 2000 6th round pick (188th overall, Darnell Alford)","1999 2nd round pick (54th overall, Mike Cloud) || 1999 3rd round pick (84th overall, Larry Atkins) and 2000 6th round pick (188th overall, Darnell Alford)","1999 2nd round pick (54th overall, Mike Cloud) || 1999 3rd round pick (84th overall, Larry Atkins) and 2000 6th round pick (188th overall, Darnell Alford)","remaining punct/mixed multi-pick pattern"
"31","manual","C4A_punct_or_mixed_remaining_review","","RAI-1999-0297","chicago-bears","1999-2nd-round-pick-40th-overall-chicago-bears-1999","S1_clean_multi_pick_split_plus_dedupe_candidate","0","1999 2nd round pick (48th overall, Russell Davis), 1999 3rd round pick (78th overall, Marty Booker) and 1999 4th round pick (111th overall, Rosevelt Colvin)","1999 2nd round pick (48th overall, Russell Davis) || 1999 3rd round pick (78th overall, Marty Booker) and 1999 4th round pick (111th overall, Rosevelt Colvin)","1999 2nd round pick (48th overall, Russell Davis) || 1999 3rd round pick (78th overall, Marty Booker) and 1999 4th round pick (111th overall, Rosevelt Colvin)","remaining punct/mixed multi-pick pattern"
"32","manual","C4A_punct_or_mixed_remaining_review","","WAS-1999-0354","chicago-bears","1999-1st-round-pick-7th-overall-champ-bailey-chicago-bears-1999","S1_clean_multi_pick_split_plus_dedupe_candidate","0","1999 1st round pick (12th overall, Cade McNown), 1999 3rd round pick (71st overall, D'Wayne Bates), 1999 4th round pick (106th overall, Warrick Holdman), 1999 5th round pick (143rd overall, Jerry Wisne) and 2000 3rd round pick (87th overall, Dustin Lyman)","1999 1st round pick (12th overall, Cade McNown) || 1999 3rd round pick (71st overall, D'Wayne Bates) || 1999 4th round pick (106th overall, Warrick Holdman) || 1999 5th round pick (143rd overall, Jerry Wisne) and 2000 3rd round pick (87th overall, Dustin Lyman)","1999 1st round pick (12th overall, Cade McNown) || 1999 3rd round pick (71st overall, D'Wayne Bates) || 1999 4th round pick (106th overall, Warrick Holdman) || 1999 5th round pick (143rd overall, Jerry Wisne) and 2000 3rd round pick (87th overall, Dustin Lyman)","remaining punct/mixed multi-pick pattern"
"33","manual","C4A_punct_or_mixed_remaining_review","","NYG-2001-0257","indianapolis-colts","2001-1st-round-pick-22nd-overall-will-allen-indianapolis-baltimore-colts-2001","S1_clean_multi_pick_split_plus_dedupe_candidate","0","2001 1st round pick (30th overall, Reggie Wayne), 2001 3rd round pick (91st overall, Cory Bird) and 2001 6th round pick (193rd overall, Jason Doering)","2001 1st round pick (30th overall, Reggie Wayne) || 2001 3rd round pick (91st overall, Cory Bird) and 2001 6th round pick (193rd overall, Jason Doering)","2001 1st round pick (30th overall, Reggie Wayne) || 2001 3rd round pick (91st overall, Cory Bird) and 2001 6th round pick (193rd overall, Jason Doering)","remaining punct/mixed multi-pick pattern"
"34","manual","C4A_punct_or_mixed_remaining_review","","IND-2001-0303","indianapolis-colts","2001-1st-round-pick-30th-overall-reggie-wayne-2001-3rd-round-pick-91st-overall-c","S1_clean_multi_pick_split_plus_dedupe_candidate","0","2001 1st round pick (30th overall, Reggie Wayne), 2001 3rd round pick (91st overall, Cory Bird) and 2001 6th round pick (193rd overall, Jason Doering)","2001 1st round pick (30th overall, Reggie Wayne) || 2001 3rd round pick (91st overall, Cory Bird) and 2001 6th round pick (193rd overall, Jason Doering)","2001 1st round pick (30th overall, Reggie Wayne) || 2001 3rd round pick (91st overall, Cory Bird) and 2001 6th round pick (193rd overall, Jason Doering)","remaining punct/mixed multi-pick pattern"
"35","manual","C4A_punct_or_mixed_remaining_review","","PIT-2001-0329","pittsburgh-steelers","2001-1st-round-pick-19th-overall-casey-hampton-2001-4th-round-pick-111th-overall-mathias-nkwenti-new-york-jets-2001","S1_clean_multi_pick_split_plus_dedupe_candidate","0","2001 1st round pick (19th overall, Casey Hampton), 2001 4th round pick (111th overall, Mathias Nkwenti) and 2001 6th round pick (181st overall, Rodney Bailey)","2001 1st round pick (19th overall, Casey Hampton) || 2001 4th round pick (111th overall, Mathias Nkwenti) and 2001 6th round pick (181st overall, Rodney Bailey)","2001 1st round pick (19th overall, Casey Hampton) || 2001 4th round pick (111th overall, Mathias Nkwenti) and 2001 6th round pick (181st overall, Rodney Bailey)","remaining punct/mixed multi-pick pattern"
"36","manual","C4A_punct_or_mixed_remaining_review","","SF-2001-0315","green-bay-packers","2001-2nd-round-pick-47th-overall-jamie-winborn-2001-3rd-round-pick-green-bay-packers-2001","S1_clean_multi_pick_split_plus_dedupe_candidate","0","2001 2nd round pick (41st overall, Robert Ferguson), 2001 3rd round pick (71st overall, Bhawoh Jue) and 2001 4th round pick (105th overall, Bill Ferrario)","2001 2nd round pick (41st overall, Robert Ferguson) || 2001 3rd round pick (71st overall, Bhawoh Jue) and 2001 4th round pick (105th overall, Bill Ferrario)","2001 2nd round pick (41st overall, Robert Ferguson) || 2001 3rd round pick (71st overall, Bhawoh Jue) and 2001 4th round pick (105th overall, Bill Ferrario)","remaining punct/mixed multi-pick pattern"
"37","manual","C4A_punct_or_mixed_remaining_review","","SF-2001-0316","seattle-seahawks","2001-1st-round-pick-7th-overall-andre-carter-seattle-seahawks-2001","S1_clean_multi_pick_split_plus_dedupe_candidate","0","2001 1st round pick (9th overall, Koren Robinson), 2001 3rd round pick (82nd overall, Heath Evans) and 2001 7th round pick (222nd overall, Dennis Norman)","2001 1st round pick (9th overall, Koren Robinson) || 2001 3rd round pick (82nd overall, Heath Evans) and 2001 7th round pick (222nd overall, Dennis Norman)","2001 1st round pick (9th overall, Koren Robinson) || 2001 3rd round pick (82nd overall, Heath Evans) and 2001 7th round pick (222nd overall, Dennis Norman)","remaining punct/mixed multi-pick pattern"
"38","manual","C4A_punct_or_mixed_remaining_review","","DEN-2001-04-22-0267","atlanta-falcons","2002-4th-round-pick-112th-overall-subsequently-traded-dave-zastudil-atlanta-falcons-2001","S1_clean_multi_pick_split_plus_dedupe_candidate","0","2001 7th round pick (215th overall, Corey Hall), 2001 7th round pick (219th overall, Kynan Forney) and 2001 7th round pick (226th overall, Ronald Flemons)","2001 7th round pick (215th overall, Corey Hall) || 2001 7th round pick (219th overall, Kynan Forney) and 2001 7th round pick (226th overall, Ronald Flemons)","2001 7th round pick (215th overall, Corey Hall) || 2001 7th round pick (219th overall, Kynan Forney) and 2001 7th round pick (226th overall, Ronald Flemons)","remaining punct/mixed multi-pick pattern"
"39","manual","C4A_punct_or_mixed_remaining_review","","DAL-2002-0256","chicago-bears","2002-2nd-round-pick-and-2002-4th-round-pick-chicago-bears-2002","S1_clean_multi_pick_split_plus_dedupe_candidate","0","2002 3rd round pick (72nd overall, Roosevelt Williams), 2002 4th round pick (104th overall, Alex Brown) and 2002 5th round pick (140th overall, Bobby Gray)","2002 3rd round pick (72nd overall, Roosevelt Williams) || 2002 4th round pick (104th overall, Alex Brown) and 2002 5th round pick (140th overall, Bobby Gray)","2002 3rd round pick (72nd overall, Roosevelt Williams) || 2002 4th round pick (104th overall, Alex Brown) and 2002 5th round pick (140th overall, Bobby Gray)","remaining punct/mixed multi-pick pattern"
"40","manual","C4A_punct_or_mixed_remaining_review","","KC-2002-0203","dallas-cowboys","2002-1st-round-pick-6th-overall-dallas-cowboys-2002","S1_clean_multi_pick_split_plus_dedupe_candidate","0","2002 1st round pick (8th overall, Roy Williams), 2002 3rd round pick (75th overall, Derek Ross) and 2003 6th round pick (186th overall, Zuriel Smith)","2002 1st round pick (8th overall, Roy Williams) || 2002 3rd round pick (75th overall, Derek Ross) and 2003 6th round pick (186th overall, Zuriel Smith)","2002 1st round pick (8th overall, Roy Williams) || 2002 3rd round pick (75th overall, Derek Ross) and 2003 6th round pick (186th overall, Zuriel Smith)","remaining punct/mixed multi-pick pattern"
"41","manual","C4A_punct_or_mixed_remaining_review","","WAS-2002-0370","washington-commanders","2002-2nd-round-pick-56th-overall-ladell-betts-2002-3rd-round-pick-87th-overall-cliff-russe","S1_clean_multi_pick_split_plus_dedupe_candidate","0","2002 2nd round pick (56th overall, Ladell Betts), 2002 3rd round pick (87th overall, Cliff Russell) and 2002 5th round pick (159th overall, Andre Lott)","2002 2nd round pick (56th overall, Ladell Betts) || 2002 3rd round pick (87th overall, Cliff Russell) and 2002 5th round pick (159th overall, Andre Lott)","2002 2nd round pick (56th overall, Ladell Betts) || 2002 3rd round pick (87th overall, Cliff Russell) and 2002 5th round pick (159th overall, Andre Lott)","remaining punct/mixed multi-pick pattern"
"42","manual","C4A_punct_or_mixed_remaining_review","","NO-2003-0261","new-orleans-saints","saints-2003-04-26-arizona-cardinals-st-louis-cardinals-2003-1st-round-pick-6th-o","S1_clean_multi_pick_split_plus_dedupe_candidate","0","2003 1st round pick (6th overall, Johnathan Sullivan), 2003 2nd round pick (37th overall, Jon Stinchcomb) and 2003 4th round pick (102nd overall, Montrae Holland)","2003 1st round pick (6th overall, Johnathan Sullivan) || 2003 2nd round pick (37th overall, Jon Stinchcomb) and 2003 4th round pick (102nd overall, Montrae Holland)","2003 1st round pick (6th overall, Johnathan Sullivan) || 2003 2nd round pick (37th overall, Jon Stinchcomb) and 2003 4th round pick (102nd overall, Montrae Holland)","remaining punct/mixed multi-pick pattern"
"43","manual","C4A_punct_or_mixed_remaining_review","","NO-2003-0261","arizona-cardinals","saints-2003-04-26-arizona-cardinals-st-louis-cardinals-2003-1st-round-pick-6th-o","S1_clean_multi_pick_split_plus_dedupe_candidate","0","2003 1st round pick (17th overall, Bryant Johnson), 2003 1st round pick (18th overall, Calvin Pace) and 2003 2nd round pick (54th overall, Anquan Boldin)","2003 1st round pick (17th overall, Bryant Johnson) || 2003 1st round pick (18th overall, Calvin Pace) and 2003 2nd round pick (54th overall, Anquan Boldin)","2003 1st round pick (17th overall, Bryant Johnson) || 2003 1st round pick (18th overall, Calvin Pace) and 2003 2nd round pick (54th overall, Anquan Boldin)","remaining punct/mixed multi-pick pattern"
"44","manual","C4A_punct_or_mixed_remaining_review","","JAX-2003-0019","jacksonville-jaguars","2003-6th-round-pick-176th-overall-chicago-bears-2003","S1_clean_multi_pick_split_plus_dedupe_candidate","0","2003 6th round pick (176th overall, Brandon Green), 2003 6th round pick (193rd overall, Marques Ogden) and 2003 7th round pick (218th overall, Malaefou MacKenzie)","2003 6th round pick (176th overall, Brandon Green) || 2003 6th round pick (193rd overall, Marques Ogden) and 2003 7th round pick (218th overall, Malaefou MacKenzie)","2003 6th round pick (176th overall, Brandon Green) || 2003 6th round pick (193rd overall, Marques Ogden) and 2003 7th round pick (218th overall, Malaefou MacKenzie)","remaining punct/mixed multi-pick pattern"
"45","manual","C4A_punct_or_mixed_remaining_review","","NE-2003-0283","new-england-patriots","2003-5th-round-pick-164th-overall-dan-koppen-2003-6th-round-pick-201st-overall-kliff-kings","S1_clean_multi_pick_split_plus_dedupe_candidate","0","2003 5th round pick (164th overall, Dan Koppen), 2003 6th round pick (201st overall, Kliff Kingsbury) and 2003 7th round pick (243rd overall, Ethan Kelley)","2003 5th round pick (164th overall, Dan Koppen) || 2003 6th round pick (201st overall, Kliff Kingsbury) and 2003 7th round pick (243rd overall, Ethan Kelley)","2003 5th round pick (164th overall, Dan Koppen) || 2003 6th round pick (201st overall, Kliff Kingsbury) and 2003 7th round pick (243rd overall, Ethan Kelley)","remaining punct/mixed multi-pick pattern"
"46","manual","C4A_punct_or_mixed_remaining_review","","BUF-2004-0262","dallas-cowboys","2004-1st-round-pick-22nd-overall-j-p-losman-dallas-cowboys-2004","S1_clean_multi_pick_split_plus_dedupe_candidate","0","2004 2nd round pick (43rd overall, Julius Jones), 2004 5th round pick (144th overall, Sean Ryan) and 2005 1st round pick (20th overall, Marcus Spears)","2004 2nd round pick (43rd overall, Julius Jones) || 2004 5th round pick (144th overall, Sean Ryan) and 2005 1st round pick (20th overall, Marcus Spears)","2004 2nd round pick (43rd overall, Julius Jones) || 2004 5th round pick (144th overall, Sean Ryan) and 2005 1st round pick (20th overall, Marcus Spears)","remaining punct/mixed multi-pick pattern"
"47","manual","C4A_punct_or_mixed_remaining_review","","CLE-2004-0331","indianapolis-colts","2004-2nd-round-pick-59th-overall-sean-jones-and-2004-5th-round-pick-161st-overal","S1_clean_multi_pick_split_plus_dedupe_candidate","0","2004 3rd round pick (68th overall, Ben Hartsock), 2004 5th round pick (141st overall, Jake Scott) and 2004 6th round pick (173rd overall, Von Hutchins)","2004 3rd round pick (68th overall, Ben Hartsock) || 2004 5th round pick (141st overall, Jake Scott) and 2004 6th round pick (173rd overall, Von Hutchins)","2004 3rd round pick (68th overall, Ben Hartsock) || 2004 5th round pick (141st overall, Jake Scott) and 2004 6th round pick (173rd overall, Von Hutchins)","remaining punct/mixed multi-pick pattern"
"48","manual","C4A_punct_or_mixed_remaining_review","","MIN-2005-0199","minnesota-vikings","napoleon-harris-2005-1st-round-pick-7th-overall-troy-williamson-las-vegas-oaklan","S1_clean_multi_pick_split_plus_dedupe_candidate","0","Napoleon Harris, 2005 1st round pick (7th overall, Troy Williamson) and 2005 7th round pick (219th overall, Adrian Ward)","Napoleon Harris || 2005 1st round pick (7th overall, Troy Williamson) and 2005 7th round pick (219th overall, Adrian Ward)","Napoleon Harris || 2005 1st round pick (7th overall, Troy Williamson) and 2005 7th round pick (219th overall, Adrian Ward)","remaining punct/mixed multi-pick pattern"
"49","manual","C4A_punct_or_mixed_remaining_review","","NYG-2006-0262","new-york-giants","2006-1st-round-pick-32nd-overall-mathias-kiwanuka-2006-3rd-round-pick-96th-overa","S1_clean_multi_pick_split_plus_dedupe_candidate","0","2006 1st round pick (32nd overall, Mathias Kiwanuka), 2006 3rd round pick (96th overall, Gerris Wilkinson) and 2006 4th round pick (129th overall, Guy Whimper)","2006 1st round pick (32nd overall, Mathias Kiwanuka) || 2006 3rd round pick (96th overall, Gerris Wilkinson) and 2006 4th round pick (129th overall, Guy Whimper)","2006 1st round pick (32nd overall, Mathias Kiwanuka) || 2006 3rd round pick (96th overall, Gerris Wilkinson) and 2006 4th round pick (129th overall, Guy Whimper)","remaining punct/mixed multi-pick pattern"
"50","manual","C4A_punct_or_mixed_remaining_review","","PIT-2006-0336","new-york-giants","2006-1st-round-pick-25th-overall-santonio-holmes-new-york-giants-2006","S1_clean_multi_pick_split_plus_dedupe_candidate","0","2006 1st round pick (32nd overall, Mathias Kiwanuka), 2006 3rd round pick (96th overall, Gerris Wilkinson) and 2006 4th round pick (129th overall, Guy Whimper)","2006 1st round pick (32nd overall, Mathias Kiwanuka) || 2006 3rd round pick (96th overall, Gerris Wilkinson) and 2006 4th round pick (129th overall, Guy Whimper)","2006 1st round pick (32nd overall, Mathias Kiwanuka) || 2006 3rd round pick (96th overall, Gerris Wilkinson) and 2006 4th round pick (129th overall, Guy Whimper)","remaining punct/mixed multi-pick pattern"
"51","manual","C4A_punct_or_mixed_remaining_review","","CAR-2007-0032","carolina-panthers","panthers-new-york-jets-trade-2007-0032","S1_clean_multi_pick_split_plus_dedupe_candidate","0","2007 1st round pick (25th overall, Jon Beason), 2007 2nd round pick (59th overall, Ryan Kalil) and 2007 5th round pick (164th overall, Tim Shaw)","2007 1st round pick (25th overall, Jon Beason) || 2007 2nd round pick (59th overall, Ryan Kalil) and 2007 5th round pick (164th overall, Tim Shaw)","2007 1st round pick (25th overall, Jon Beason) || 2007 2nd round pick (59th overall, Ryan Kalil) and 2007 5th round pick (164th overall, Tim Shaw)","remaining punct/mixed multi-pick pattern"
"52","manual","C4A_punct_or_mixed_remaining_review","","DAL-2007-0283","philadelphia-eagles","2007-1st-round-pick-philadelphia-eagles-2007","S1_clean_multi_pick_split_plus_dedupe_candidate","0","2007 2nd round pick (36th overall, Kevin Kolb), 2007 3rd round pick (87th overall, Stewart Bradley) and 2007 5th round pick (159th overall, C.J. Gaddis)","2007 2nd round pick (36th overall, Kevin Kolb) || 2007 3rd round pick (87th overall, Stewart Bradley) and 2007 5th round pick (159th overall, C.J. Gaddis)","2007 2nd round pick (36th overall, Kevin Kolb) || 2007 3rd round pick (87th overall, Stewart Bradley) and 2007 5th round pick (159th overall, C.J. Gaddis)","remaining punct/mixed multi-pick pattern"
"53","manual","C4A_punct_or_mixed_remaining_review","","LAC-2007-0346","chicago-bears","2007-2nd-round-pick-37th-overall-eric-weddle-chicago-bears-2007","S1_clean_multi_pick_split_plus_dedupe_candidate","0","2007 2nd round pick (62nd overall, Dan Bazuin), 2007 3rd round pick (93rd overall, Garrett Wolfe), 2007 5th round pick (167th overall, Kevin Payne) and 2008 3rd round pick (90th overall, Marcus Harrison)","2007 2nd round pick (62nd overall, Dan Bazuin) || 2007 3rd round pick (93rd overall, Garrett Wolfe) || 2007 5th round pick (167th overall, Kevin Payne) and 2008 3rd round pick (90th overall, Marcus Harrison)","2007 2nd round pick (62nd overall, Dan Bazuin) || 2007 3rd round pick (93rd overall, Garrett Wolfe) || 2007 5th round pick (167th overall, Kevin Payne) and 2008 3rd round pick (90th overall, Marcus Harrison)","remaining punct/mixed multi-pick pattern"
"54","manual","C4A_punct_or_mixed_remaining_review","","NYJ-2007-0210","green-bay-packers","2007-2nd-round-pick-47th-overall-david-harris-and-2007-7th-round-pick-235th-overall-chansi","S1_clean_multi_pick_split_plus_dedupe_candidate","0","2007 2nd round pick (63rd overall, Brandon Jackson), 2007 3rd round pick (89th overall, Aaron Rouse) and 2007 6th round pick (192nd overall, Desmond Bishop)","2007 2nd round pick (63rd overall, Brandon Jackson) || 2007 3rd round pick (89th overall, Aaron Rouse) and 2007 6th round pick (192nd overall, Desmond Bishop)","2007 2nd round pick (63rd overall, Brandon Jackson) || 2007 3rd round pick (89th overall, Aaron Rouse) and 2007 6th round pick (192nd overall, Desmond Bishop)","remaining punct/mixed multi-pick pattern"
"55","manual","C4A_punct_or_mixed_remaining_review","","BAL-2008-0038","houston-texans","2008-1st-round-pick-18th-overall-joe-flacco-houston-texans-2008","S1_clean_multi_pick_split_plus_dedupe_candidate","0","2008 1st round pick (26th overall, Duane Brown), 2008 3rd round pick (89th overall, Steve Slaton) and 2008 6th round pick (173rd overall, Dominique Barber)","2008 1st round pick (26th overall, Duane Brown) || 2008 3rd round pick (89th overall, Steve Slaton) and 2008 6th round pick (173rd overall, Dominique Barber)","2008 1st round pick (26th overall, Duane Brown) || 2008 3rd round pick (89th overall, Steve Slaton) and 2008 6th round pick (173rd overall, Dominique Barber)","remaining punct/mixed multi-pick pattern"
"56","manual","C4A_punct_or_mixed_remaining_review","","DAL-2008-0296","detroit-lions","roy-williams-and-2009-7th-round-pick-detroit-lions-2008","S1_clean_multi_pick_split_plus_dedupe_candidate","0","2009 1st round pick (20th overall, Brandon Pettigrew), 2009 3rd round pick (82nd overall, Derrick Williams) and 2009 6th round pick (192nd overall, Aaron Brown)","2009 1st round pick (20th overall, Brandon Pettigrew) || 2009 3rd round pick (82nd overall, Derrick Williams) and 2009 6th round pick (192nd overall, Aaron Brown)","2009 1st round pick (20th overall, Brandon Pettigrew) || 2009 3rd round pick (82nd overall, Derrick Williams) and 2009 6th round pick (192nd overall, Aaron Brown)","remaining punct/mixed multi-pick pattern"
"57","manual","C4A_punct_or_mixed_remaining_review","","RAI-2009-0334","las-vegas-raiders","2009-2nd-round-pick-47th-overall-new-england-patriots-2009","S1_clean_multi_pick_split_plus_dedupe_candidate","0","2009 2nd round pick (47th overall, Mike Mitchell), 2009 4th round pick (124th overall, Louis Murphy) and 2009 6th round pick (199th overall, Stryker Sulak)","2009 2nd round pick (47th overall, Mike Mitchell) || 2009 4th round pick (124th overall, Louis Murphy) and 2009 6th round pick (199th overall, Stryker Sulak)","2009 2nd round pick (47th overall, Mike Mitchell) || 2009 4th round pick (124th overall, Louis Murphy) and 2009 6th round pick (199th overall, Stryker Sulak)","remaining punct/mixed multi-pick pattern"
"58","manual","C4A_punct_or_mixed_remaining_review","","NYJ-2009-0221","detroit-lions","2009-3rd-round-pick-65th-overall-shonn-greene-detroit-lions-2009","S1_clean_multi_pick_split_plus_dedupe_candidate","0","2009 3rd round pick (76th overall, DeAndre Levy), 2009 4th round pick (115th overall, Sammie Lee Hill) and 2009 7th round pick (228th overall, Lydon Murtha)","2009 3rd round pick (76th overall, DeAndre Levy) || 2009 4th round pick (115th overall, Sammie Lee Hill) and 2009 7th round pick (228th overall, Lydon Murtha)","2009 3rd round pick (76th overall, DeAndre Levy) || 2009 4th round pick (115th overall, Sammie Lee Hill) and 2009 7th round pick (228th overall, Lydon Murtha)","remaining punct/mixed multi-pick pattern"
"59","manual","C4A_punct_or_mixed_remaining_review","","DEN-2010-04-22-0314","baltimore-ravens","2010-1st-round-pick-25th-overall-tim-tebow-baltimore-ravens-2010","S1_clean_multi_pick_split_plus_dedupe_candidate","0","2010 2nd round pick (43rd overall, Sergio Kindle), 2010 3rd round pick (70th overall, Ed Dickson) and 2010 4th round pick (114th overall, Dennis Pitta)","2010 2nd round pick (43rd overall, Sergio Kindle) || 2010 3rd round pick (70th overall, Ed Dickson) and 2010 4th round pick (114th overall, Dennis Pitta)","2010 2nd round pick (43rd overall, Sergio Kindle) || 2010 3rd round pick (70th overall, Ed Dickson) and 2010 4th round pick (114th overall, Dennis Pitta)","remaining punct/mixed multi-pick pattern"
"60","manual","C4A_punct_or_mixed_remaining_review","","MIN-2010-04-22-0229","minnesota-vikings","draft-pick-trade-detroit-lions-2010","S1_clean_multi_pick_split_plus_dedupe_candidate","0","2010 2nd round pick (34th overall, Chris Cook), 2010 4th round pick (100th overall, Everson Griffen) and 2010 7th round pick (214th overall, Mickey Shuler)","2010 2nd round pick (34th overall, Chris Cook) || 2010 4th round pick (100th overall, Everson Griffen) and 2010 7th round pick (214th overall, Mickey Shuler)","2010 2nd round pick (34th overall, Chris Cook) || 2010 4th round pick (100th overall, Everson Griffen) and 2010 7th round pick (214th overall, Mickey Shuler)","remaining punct/mixed multi-pick pattern"
"61","manual","C4A_punct_or_mixed_remaining_review","","SF-2010-0345","san-francisco-49ers","2010-3rd-round-pick-91st-overall-navorro-bowman-2010-6th-round-pic-los-angeles-san-diego-c","S1_clean_multi_pick_split_plus_dedupe_candidate","0","2010 3rd round pick (91st overall, NaVorro Bowman), 2010 6th round pick (173rd overall, Anthony Dixon) and 2011 4th round pick (115th overall, Kendall Hunter)","2010 3rd round pick (91st overall, NaVorro Bowman) || 2010 6th round pick (173rd overall, Anthony Dixon) and 2011 4th round pick (115th overall, Kendall Hunter)","2010 3rd round pick (91st overall, NaVorro Bowman) || 2010 6th round pick (173rd overall, Anthony Dixon) and 2011 4th round pick (115th overall, Kendall Hunter)","remaining punct/mixed multi-pick pattern"
"62","manual","C4A_punct_or_mixed_remaining_review","","SEA-2010-04-24-0147","seattle-seahawks","kevin-vickerson-lendale-white-2010-4th-round-pic-tennessee-titans-2010","S1_clean_multi_pick_split_plus_dedupe_candidate","0","Kevin Vickerson, LenDale White, 2010 4th round pick (111th overall, Walter Thurmond) and 2010 6th round pick (185th overall, Anthony McCoy)","Kevin Vickerson || LenDale White || 2010 4th round pick (111th overall, Walter Thurmond) and 2010 6th round pick (185th overall, Anthony McCoy)","Kevin Vickerson || LenDale White || 2010 4th round pick (111th overall, Walter Thurmond) and 2010 6th round pick (185th overall, Anthony McCoy)","remaining punct/mixed multi-pick pattern"
"63","manual","C4A_punct_or_mixed_remaining_review","","MIA-2011-0242","washington-commanders","2011-2nd-round-pick-62nd-overall-redskins-2011","S1_clean_multi_pick_split_plus_dedupe_candidate","0","2011 3rd round pick (79th overall, Leonard Hankerson), 2011 5th round pick (146th overall, DeJon Gomes) and 2011 7th round pick (217th overall, Maurice Hurt)","2011 3rd round pick (79th overall, Leonard Hankerson) || 2011 5th round pick (146th overall, DeJon Gomes) and 2011 7th round pick (217th overall, Maurice Hurt)","2011 3rd round pick (79th overall, Leonard Hankerson) || 2011 5th round pick (146th overall, DeJon Gomes) and 2011 7th round pick (217th overall, Maurice Hurt)","remaining punct/mixed multi-pick pattern"
"64","manual","C4A_punct_or_mixed_remaining_review","","WAS-2011-0414","houston-texans","2011-4th-round-pick-105th-overall-roy-helu-and-2011-6th-round-pick-178th-overall-aldrick-r","S1_clean_multi_pick_split_plus_dedupe_candidate","0","2011 4th round pick (127th overall, Roc Carmichael), 2011 5th round pick (144th overall, Shiloh Keo) and 2011 5th round pick (152nd overall, T.J. Yates)","2011 4th round pick (127th overall, Roc Carmichael) || 2011 5th round pick (144th overall, Shiloh Keo) and 2011 5th round pick (152nd overall, T.J. Yates)","2011 4th round pick (127th overall, Roc Carmichael) || 2011 5th round pick (144th overall, Shiloh Keo) and 2011 5th round pick (152nd overall, T.J. Yates)","remaining punct/mixed multi-pick pattern"
"65","manual","C4A_punct_or_mixed_remaining_review","","GB-2012-0409","new-england-patriots","2012-5th-round-pick-163rd-overall-terrell-manning-new-england-patriots-2012","S1_clean_multi_pick_split_plus_dedupe_candidate","0","2012 6th round pick (197th overall, Nate Ebner), 2012 7th round pick (224th overall, Alfonzo Dennard) and 2012 7th round pick (235th overall, Jeremy Ebert)","2012 6th round pick (197th overall, Nate Ebner) || 2012 7th round pick (224th overall, Alfonzo Dennard) and 2012 7th round pick (235th overall, Jeremy Ebert)","2012 6th round pick (197th overall, Nate Ebner) || 2012 7th round pick (224th overall, Alfonzo Dennard) and 2012 7th round pick (235th overall, Jeremy Ebert)","remaining punct/mixed multi-pick pattern"
"66","manual","C4A_punct_or_mixed_remaining_review","","BUF-2013-0281","buffalo-bills","2013-1st-round-pick-16th-overall-ej-manuel-2013-2nd-round-pick-46th-overall-kiko","S1_clean_multi_pick_split_plus_dedupe_candidate","0","2013 1st round pick (16th overall, EJ Manuel), 2013 2nd round pick (46th overall, Kiko Alonso), 2013 3rd round pick (78th overall, Marquise Goodwin) and 2013 7th round pick (222nd overall, Chris Gragg)","2013 1st round pick (16th overall, EJ Manuel) || 2013 2nd round pick (46th overall, Kiko Alonso) || 2013 3rd round pick (78th overall, Marquise Goodwin) and 2013 7th round pick (222nd overall, Chris Gragg)","2013 1st round pick (16th overall, EJ Manuel) || 2013 2nd round pick (46th overall, Kiko Alonso) || 2013 3rd round pick (78th overall, Marquise Goodwin) and 2013 7th round pick (222nd overall, Chris Gragg)","remaining punct/mixed multi-pick pattern"
"67","manual","C4A_punct_or_mixed_remaining_review","","SF-2015-0373","san-francisco-49ers","2015-1st-round-pick-17th-overall-arik-armstead-2015-4th-round-pick-los-angeles-san-diego-c","S1_clean_multi_pick_split_plus_dedupe_candidate","0","2015 1st round pick (17th overall, Arik Armstead), 2015 4th round pick (117th overall, Blake Bell) and 2016 5th round pick (142nd overall, Ronald Blair)","2015 1st round pick (17th overall, Arik Armstead) || 2015 4th round pick (117th overall, Blake Bell) and 2016 5th round pick (142nd overall, Ronald Blair)","2015 1st round pick (17th overall, Arik Armstead) || 2015 4th round pick (117th overall, Blake Bell) and 2016 5th round pick (142nd overall, Ronald Blair)","remaining punct/mixed multi-pick pattern"
"68","manual","C4A_punct_or_mixed_remaining_review","","MIA-2015-0260","miami-dolphins","2015-2nd-round-pick-52nd-overall-eagles-2015","S1_clean_multi_pick_split_plus_dedupe_candidate","0","2015 2nd round pick (52nd overall, Jordan Phillips), 2015 5th round pick (145th overall, Bobby McCain) and 2015 5th round pick (156th overall, Tony Lippett)","2015 2nd round pick (52nd overall, Jordan Phillips) || 2015 5th round pick (145th overall, Bobby McCain) and 2015 5th round pick (156th overall, Tony Lippett)","2015 2nd round pick (52nd overall, Jordan Phillips) || 2015 5th round pick (145th overall, Bobby McCain) and 2015 5th round pick (156th overall, Tony Lippett)","remaining punct/mixed multi-pick pattern"
"69","manual","C4A_punct_or_mixed_remaining_review","","NYG-2015-0275","tennessee-titans","2015-2nd-round-pick-33rd-overall-landon-collins-tennessee-titans-2015","S1_clean_multi_pick_split_plus_dedupe_candidate","0","2015 2nd round pick (40th overall, Dorial Green-Beckham), 2015 4th round pick (108th overall, Jalston Fowler) and 2015 7th round pick (245th overall, Tre McBride)","2015 2nd round pick (40th overall, Dorial Green-Beckham) || 2015 4th round pick (108th overall, Jalston Fowler) and 2015 7th round pick (245th overall, Tre McBride)","2015 2nd round pick (40th overall, Dorial Green-Beckham) || 2015 4th round pick (108th overall, Jalston Fowler) and 2015 7th round pick (245th overall, Tre McBride)","remaining punct/mixed multi-pick pattern"
"70","manual","C4A_punct_or_mixed_remaining_review","","RAM-2015-0477","los-angeles-rams","2015-2nd-round-pick-57th-overall-rob-havenstein-2015-3rd-round-pick-89th-overall","S1_clean_multi_pick_split_plus_dedupe_candidate","0","2015 2nd round pick (57th overall, Rob Havenstein), 2015 3rd round pick (89th overall, Sean Mannion) and 2015 6th round pick (201st overall, Bud Sasser)","2015 2nd round pick (57th overall, Rob Havenstein) || 2015 3rd round pick (89th overall, Sean Mannion) and 2015 6th round pick (201st overall, Bud Sasser)","2015 2nd round pick (57th overall, Rob Havenstein) || 2015 3rd round pick (89th overall, Sean Mannion) and 2015 6th round pick (201st overall, Bud Sasser)","remaining punct/mixed multi-pick pattern"
"71","manual","C4A_punct_or_mixed_remaining_review","","CLE-2015-0394","cleveland-browns","2015-4th-round-pick-123rd-overall-vince-mayle-2015-6th-round-pick-198th-overall","S1_clean_multi_pick_split_plus_dedupe_candidate","0","2015 4th round pick (123rd overall, Vince Mayle), 2015 6th round pick (198th overall, Randall Telfer) and 2015 7th round pick (241st overall, Ifo Ekpre-Olomu)","2015 4th round pick (123rd overall, Vince Mayle) || 2015 6th round pick (198th overall, Randall Telfer) and 2015 7th round pick (241st overall, Ifo Ekpre-Olomu)","2015 4th round pick (123rd overall, Vince Mayle) || 2015 6th round pick (198th overall, Randall Telfer) and 2015 7th round pick (241st overall, Ifo Ekpre-Olomu)","remaining punct/mixed multi-pick pattern"
"72","manual","C4A_punct_or_mixed_remaining_review","","CLE-2016-0397","cleveland-browns","2016-1st-round-pick-15th-overall-corey-coleman-2016-3rd-round-pick-76th-overall","S1_clean_multi_pick_split_plus_dedupe_candidate","0","2016 1st round pick (15th overall, Corey Coleman), 2016 3rd round pick (76th overall, Shon Coleman) and 2017 2nd round pick (52nd overall, DeShone Kizer)","2016 1st round pick (15th overall, Corey Coleman) || 2016 3rd round pick (76th overall, Shon Coleman) and 2017 2nd round pick (52nd overall, DeShone Kizer)","2016 1st round pick (15th overall, Corey Coleman) || 2016 3rd round pick (76th overall, Shon Coleman) and 2017 2nd round pick (52nd overall, DeShone Kizer)","remaining punct/mixed multi-pick pattern"
"73","manual","C4A_punct_or_mixed_remaining_review","","KC-2016-0236","kansas-city-chiefs","2016-2nd-round-pick-37th-overall-san-francisco-49ers-2016","S1_clean_multi_pick_split_plus_dedupe_candidate","0","2016 2nd round pick (37th overall, Chris Jones), 2016 4th round pick (105th overall, Parker Ehinger) and 2016 6th round pick (178th overall, D.J. White)","2016 2nd round pick (37th overall, Chris Jones) || 2016 4th round pick (105th overall, Parker Ehinger) and 2016 6th round pick (178th overall, D.J. White)","2016 2nd round pick (37th overall, Chris Jones) || 2016 4th round pick (105th overall, Parker Ehinger) and 2016 6th round pick (178th overall, D.J. White)","remaining punct/mixed multi-pick pattern"
"74","manual","C4A_punct_or_mixed_remaining_review","","CAR-2016-0056","cleveland-browns","panthers-cleveland-browns-trade-2016-0056","S1_clean_multi_pick_split_plus_dedupe_candidate","0","2016 3rd round pick (93rd overall, Cody Kessler), 2016 4th round pick (129th overall, Derrick Kindred) and 2016 5th round pick (168th overall, Spencer Drango)","2016 3rd round pick (93rd overall, Cody Kessler) || 2016 4th round pick (129th overall, Derrick Kindred) and 2016 5th round pick (168th overall, Spencer Drango)","2016 3rd round pick (93rd overall, Cody Kessler) || 2016 4th round pick (129th overall, Derrick Kindred) and 2016 5th round pick (168th overall, Spencer Drango)","remaining punct/mixed multi-pick pattern"
"75","manual","C4A_punct_or_mixed_remaining_review","","IND-2016-0346","indianapolis-colts","2016-2nd-round-pick-57th-overall-t-j-green-2016-4th-round-pick-125th-overall-ant","S1_clean_multi_pick_split_plus_dedupe_candidate","0","2016 2nd round pick (57th overall, T.J. Green), 2016 4th round pick (125th overall, Antonio Morrison) and 2016 7th round pick (248th overall, Austin Blythe)","2016 2nd round pick (57th overall, T.J. Green) || 2016 4th round pick (125th overall, Antonio Morrison) and 2016 7th round pick (248th overall, Austin Blythe)","2016 2nd round pick (57th overall, T.J. Green) || 2016 4th round pick (125th overall, Antonio Morrison) and 2016 7th round pick (248th overall, Austin Blythe)","remaining punct/mixed multi-pick pattern"
"76","manual","C4A_punct_or_mixed_remaining_review","","BUF-2018-0303","cincinnati-bengals","2018-1st-round-pick-12th-overall-subsequently-traded-vita-vea-and-2018-6th-round","S1_clean_multi_pick_split_plus_dedupe_candidate","0","Cordy Glenn, 2018 1st round pick (21st overall, Billy Price) and 2018 5th round pick (158th overall, Andrew Brown)","Cordy Glenn || 2018 1st round pick (21st overall, Billy Price) and 2018 5th round pick (158th overall, Andrew Brown)","Cordy Glenn || 2018 1st round pick (21st overall, Billy Price) and 2018 5th round pick (158th overall, Andrew Brown)","remaining punct/mixed multi-pick pattern"
"77","manual","C4A_punct_or_mixed_remaining_review","","RAI-2018-0380","chicago-bears","2019-1st-round-pick-24th-overall-chicago-bears-2018","S1_clean_multi_pick_split_plus_dedupe_candidate","0","Khalil Mack, 2020 2nd round pick (43rd overall, Cole Kmet) and 2020 7th round pick (226th overall, Arlington Hambright)","Khalil Mack || 2020 2nd round pick (43rd overall, Cole Kmet) and 2020 7th round pick (226th overall, Arlington Hambright)","Khalil Mack || 2020 2nd round pick (43rd overall, Cole Kmet) and 2020 7th round pick (226th overall, Arlington Hambright)","remaining punct/mixed multi-pick pattern"
"78","manual","C4A_punct_or_mixed_remaining_review","","NYG-2019-0285","new-york-giants","jabrill-peppers-2019-1st-round-pick-17th-overall-dexter-lawrence-and-2019-3rd-ro","S1_clean_multi_pick_split_plus_dedupe_candidate","0","Jabrill Peppers, 2019 1st round pick (17th overall, Dexter Lawrence) and 2019 3rd round pick (95th overall, Oshane Ximines)","Jabrill Peppers || 2019 1st round pick (17th overall, Dexter Lawrence) and 2019 3rd round pick (95th overall, Oshane Ximines)","Jabrill Peppers || 2019 1st round pick (17th overall, Dexter Lawrence) and 2019 3rd round pick (95th overall, Oshane Ximines)","remaining punct/mixed multi-pick pattern"
"79","manual","C4A_punct_or_mixed_remaining_review","","PHI-2019-0409","baltimore-ravens","eagles-2019-04-25-baltimore-ravens-0409","S1_clean_multi_pick_split_plus_dedupe_candidate","0","2019 1st round pick (25th overall, Marquise Brown), 2019 4th round pick (127th overall, Iman Marshall) and 2019 6th round pick (197th overall, Trace McSorley)","2019 1st round pick (25th overall, Marquise Brown) || 2019 4th round pick (127th overall, Iman Marshall) and 2019 6th round pick (197th overall, Trace McSorley)","2019 1st round pick (25th overall, Marquise Brown) || 2019 4th round pick (127th overall, Iman Marshall) and 2019 6th round pick (197th overall, Trace McSorley)","remaining punct/mixed multi-pick pattern"
"80","manual","C4A_punct_or_mixed_remaining_review","","DEN-2019-04-26-0355","cincinnati-bengals","2019-2nd-round-pick-42nd-overall-drew-lock-cincinnati-bengals-2019","S1_clean_multi_pick_split_plus_dedupe_candidate","0","2019 2nd round pick (52nd overall, Drew Sample), 2019 4th round pick (125th overall, Renell Wren) and 2019 6th round pick (182nd overall, Trayveon Williams)","2019 2nd round pick (52nd overall, Drew Sample) || 2019 4th round pick (125th overall, Renell Wren) and 2019 6th round pick (182nd overall, Trayveon Williams)","2019 2nd round pick (52nd overall, Drew Sample) || 2019 4th round pick (125th overall, Renell Wren) and 2019 6th round pick (182nd overall, Trayveon Williams)","remaining punct/mixed multi-pick pattern"
"81","manual","C4A_punct_or_mixed_remaining_review","","JAX-2019-0071","jacksonville-jaguars","2019-2nd-round-pick-35th-overall-las-vegas-oakland-raiders-2019","S1_clean_multi_pick_split_plus_dedupe_candidate","0","2019 2nd round pick (35th overall, Jawaan Taylor), 2019 5th round pick (140th overall, Ryquell Armstead) and 2019 7th round pick (235th overall, Dontavius Russell)","2019 2nd round pick (35th overall, Jawaan Taylor) || 2019 5th round pick (140th overall, Ryquell Armstead) and 2019 7th round pick (235th overall, Dontavius Russell)","2019 2nd round pick (35th overall, Jawaan Taylor) || 2019 5th round pick (140th overall, Ryquell Armstead) and 2019 7th round pick (235th overall, Dontavius Russell)","remaining punct/mixed multi-pick pattern"
"82","manual","C4A_punct_or_mixed_remaining_review","","MIN-2019-0267","minnesota-vikings","2019-3rd-round-pick-102nd-overall-alexander-mattison-2019-6th-round-pick-191st-o","S1_clean_multi_pick_split_plus_dedupe_candidate","0","2019 3rd round pick (102nd overall, Alexander Mattison), 2019 6th round pick (191st overall, Marcus Epps) and 2019 6th round pick (193rd overall, Oli Udoh)","2019 3rd round pick (102nd overall, Alexander Mattison) || 2019 6th round pick (191st overall, Marcus Epps) and 2019 6th round pick (193rd overall, Oli Udoh)","2019 3rd round pick (102nd overall, Alexander Mattison) || 2019 6th round pick (191st overall, Marcus Epps) and 2019 6th round pick (193rd overall, Oli Udoh)","remaining punct/mixed multi-pick pattern"
"83","manual","C4A_punct_or_mixed_remaining_review","","PIT-2019-0366","pittsburgh-steelers","minkah-fitzpatrick-2020-4th-round-pick-135th-overall-kevin-dotson-miami-dolphins-2019","S1_clean_multi_pick_split_plus_dedupe_candidate","0","Minkah Fitzpatrick, 2020 4th round pick (135th overall, Kevin Dotson) and 2021 7th round pick (245th overall, Tre Norwood)","Minkah Fitzpatrick || 2020 4th round pick (135th overall, Kevin Dotson) and 2021 7th round pick (245th overall, Tre Norwood)","Minkah Fitzpatrick || 2020 4th round pick (135th overall, Kevin Dotson) and 2021 7th round pick (245th overall, Tre Norwood)","remaining punct/mixed multi-pick pattern"
"84","manual","C4A_punct_or_mixed_remaining_review","","MIN-2020-04-24-0282","minnesota-vikings","draft-pick-trade-new-orleans-saints-2020","S1_clean_multi_pick_split_plus_dedupe_candidate","0","2020 4th round pick (130th overall, James Lynch), 2020 5th round pick (169th overall, Harrison Hand), 2020 6th round pick (203rd overall, Blake Brandel) and 2020 7th round pick (244th overall, Nate Stanley)","2020 4th round pick (130th overall, James Lynch) || 2020 5th round pick (169th overall, Harrison Hand) || 2020 6th round pick (203rd overall, Blake Brandel) and 2020 7th round pick (244th overall, Nate Stanley)","2020 4th round pick (130th overall, James Lynch) || 2020 5th round pick (169th overall, Harrison Hand) || 2020 6th round pick (203rd overall, Blake Brandel) and 2020 7th round pick (244th overall, Nate Stanley)","remaining punct/mixed multi-pick pattern"
"85","manual","C4A_punct_or_mixed_remaining_review","","NYJ-2020-0275","new-york-jets","2020-4th-round-pick-125th-overall-james-morgan-2020-4th-round-pick-129th-overall-cameron-c","S1_clean_multi_pick_split_plus_dedupe_candidate","0","2020 4th round pick (125th overall, James Morgan), 2020 4th round pick (129th overall, Cameron Clark) and 2021 6th round pick (186th overall, Hamsah Nasirildeen)","2020 4th round pick (125th overall, James Morgan) || 2020 4th round pick (129th overall, Cameron Clark) and 2021 6th round pick (186th overall, Hamsah Nasirildeen)","2020 4th round pick (125th overall, James Morgan) || 2020 4th round pick (129th overall, Cameron Clark) and 2021 6th round pick (186th overall, Hamsah Nasirildeen)","remaining punct/mixed multi-pick pattern"
"86","manual","C4A_punct_or_mixed_remaining_review","","PHI-2020-0420","philadelphia-eagles","eagles-2020-04-25-chicago-bears-0420","S1_clean_multi_pick_split_plus_dedupe_candidate","0","2020 6th round pick (196th overall, Shaun Bradley), 2020 6th round pick (200th overall, Quez Watkins) and 2020 7th round pick (233rd overall, Casey Toohill)","2020 6th round pick (196th overall, Shaun Bradley) || 2020 6th round pick (200th overall, Quez Watkins) and 2020 7th round pick (233rd overall, Casey Toohill)","2020 6th round pick (196th overall, Shaun Bradley) || 2020 6th round pick (200th overall, Quez Watkins) and 2020 7th round pick (233rd overall, Casey Toohill)","remaining punct/mixed multi-pick pattern"
"87","manual","C4A_punct_or_mixed_remaining_review","","RAM-2020-0511","los-angeles-rams","2020-4th-round-pick-136th-overall-brycen-hopkins-2020-7th-round-pick-248th-overa","S1_clean_multi_pick_split_plus_dedupe_candidate","0","2020 4th round pick (136th overall, Brycen Hopkins), 2020 7th round pick (248th overall, Sam Sloman) and 2020 7th round pick (250th overall, Tremayne Anchrum)","2020 4th round pick (136th overall, Brycen Hopkins) || 2020 7th round pick (248th overall, Sam Sloman) and 2020 7th round pick (250th overall, Tremayne Anchrum)","2020 4th round pick (136th overall, Brycen Hopkins) || 2020 7th round pick (248th overall, Sam Sloman) and 2020 7th round pick (250th overall, Tremayne Anchrum)","remaining punct/mixed multi-pick pattern"
"88","manual","C4A_punct_or_mixed_remaining_review","","MIN-2021-04-29-0288","minnesota-vikings","draft-pick-trade-new-york-jets-2021","S1_clean_multi_pick_split_plus_dedupe_candidate","0","2021 1st round pick (23rd overall, Christian Darrisaw), 2021 3rd round pick (66th overall, Kellen Mond) and 2021 3rd round pick (86th overall, Wyatt Davis)","2021 1st round pick (23rd overall, Christian Darrisaw) || 2021 3rd round pick (66th overall, Kellen Mond) and 2021 3rd round pick (86th overall, Wyatt Davis)","2021 1st round pick (23rd overall, Christian Darrisaw) || 2021 3rd round pick (66th overall, Kellen Mond) and 2021 3rd round pick (86th overall, Wyatt Davis)","remaining punct/mixed multi-pick pattern"
"89","manual","C4A_punct_or_mixed_remaining_review","","CIN-2021-0146","cincinnati-bengals","2021-2nd-round-pick-46th-overall-jackson-carman-2021-4th-round-pick-12","S1_clean_multi_pick_split_plus_dedupe_candidate","0","2021 2nd round pick (46th overall, Jackson Carman), 2021 4th round pick (122nd overall, Tyler Shelvin) and 2021 4th round pick (139th overall, D'Ante Smith)","2021 2nd round pick (46th overall, Jackson Carman) || 2021 4th round pick (122nd overall, Tyler Shelvin) and 2021 4th round pick (139th overall, D'Ante Smith)","2021 2nd round pick (46th overall, Jackson Carman) || 2021 4th round pick (122nd overall, Tyler Shelvin) and 2021 4th round pick (139th overall, D'Ante Smith)","remaining punct/mixed multi-pick pattern"
"90","manual","C4A_punct_or_mixed_remaining_review","","CAR-2021-0079","carolina-panthers","panthers-tennessee-titans-trade-2021-0079","S1_clean_multi_pick_split_plus_dedupe_candidate","0","2021 4th round pick (126th overall, Chuba Hubbard), 2021 5th round pick (166th overall, Keith Taylor) and 2021 7th round pick (232nd overall, Phil Hoskins)","2021 4th round pick (126th overall, Chuba Hubbard) || 2021 5th round pick (166th overall, Keith Taylor) and 2021 7th round pick (232nd overall, Phil Hoskins)","2021 4th round pick (126th overall, Chuba Hubbard) || 2021 5th round pick (166th overall, Keith Taylor) and 2021 7th round pick (232nd overall, Phil Hoskins)","remaining punct/mixed multi-pick pattern"
"91","manual","C4A_punct_or_mixed_remaining_review","","IND-2022-0372","washington-commanders","2022-2nd-round-pick-42nd-overall-subsequently-traded-andrew-booth-2022-3rd-round","S1_clean_multi_pick_split_plus_dedupe_candidate","0","Carson Wentz, 2022 2nd round pick (47th overall, Phidarian Mathis) and 2022 7th round pick (240th overall, Christian Holmes)","Carson Wentz || 2022 2nd round pick (47th overall, Phidarian Mathis) and 2022 7th round pick (240th overall, Christian Holmes)","Carson Wentz || 2022 2nd round pick (47th overall, Phidarian Mathis) and 2022 7th round pick (240th overall, Christian Holmes)","remaining punct/mixed multi-pick pattern"
"92","manual","C4A_punct_or_mixed_remaining_review","","NYJ-2022-0290","tennessee-titans","2022-1st-round-pick-26th-overall-jermaine-johnson-and-2022-3rd-round-pick-101st-overall-je","S1_clean_multi_pick_split_plus_dedupe_candidate","0","2022 2nd round pick (35th overall, Roger McCreary), 2022 3rd round pick (69th overall, Nicholas Petit-Frere) and 2022 5th round pick (163rd overall, Kyle Philips)","2022 2nd round pick (35th overall, Roger McCreary) || 2022 3rd round pick (69th overall, Nicholas Petit-Frere) and 2022 5th round pick (163rd overall, Kyle Philips)","2022 2nd round pick (35th overall, Roger McCreary) || 2022 3rd round pick (69th overall, Nicholas Petit-Frere) and 2022 5th round pick (163rd overall, Kyle Philips)","remaining punct/mixed multi-pick pattern"
"93","manual","C4A_punct_or_mixed_remaining_review","","MIN-2022-0287","indianapolis-colts","2022-2nd-round-pick-42nd-overall-andrew-booth-baltimore-indianapolis-colts-2022","S1_clean_multi_pick_split_plus_dedupe_candidate","0","2022 2nd round pick (53rd overall, Alec Pierce), 2022 3rd round pick (77th overall, Bernhard Raimann) and 2022 6th round pick (192nd overall, Andrew Ogletree)","2022 2nd round pick (53rd overall, Alec Pierce) || 2022 3rd round pick (77th overall, Bernhard Raimann) and 2022 6th round pick (192nd overall, Andrew Ogletree)","2022 2nd round pick (53rd overall, Alec Pierce) || 2022 3rd round pick (77th overall, Bernhard Raimann) and 2022 6th round pick (192nd overall, Andrew Ogletree)","remaining punct/mixed multi-pick pattern"
"94","manual","C4A_punct_or_mixed_remaining_review","","CHI-2022-0492","chicago-bears","2023-2nd-round-pick-53rd-overall-gervon-dexter-2023-5th-round-pick-148","S1_clean_multi_pick_split_plus_dedupe_candidate","0","2023 2nd round pick (53rd overall, Gervon Dexter), 2023 5th round pick (148th overall, Noah Sewell) and A.J. Klein","2023 2nd round pick (53rd overall, Gervon Dexter) || 2023 5th round pick (148th overall, Noah Sewell) and A.J. Klein","2023 2nd round pick (53rd overall, Gervon Dexter) || 2023 5th round pick (148th overall, Noah Sewell) and A.J. Klein","remaining punct/mixed multi-pick pattern"
"95","manual","C4A_punct_or_mixed_remaining_review","","ARI-2023-0334","arizona-cardinals","cardinals-2023-04-28-tennessee-titans-2023-2nd-round-pick-41st-overall-bj-ojulari-2023-3rd-roun","S1_clean_multi_pick_split_plus_dedupe_candidate","0","2023 2nd round pick (41st overall, BJ Ojulari), 2023 3rd round pick (72nd overall, Garrett Williams) and 2024 3rd round pick (71st overall, Isaiah Adams)","2023 2nd round pick (41st overall, BJ Ojulari) || 2023 3rd round pick (72nd overall, Garrett Williams) and 2024 3rd round pick (71st overall, Isaiah Adams)","2023 2nd round pick (41st overall, BJ Ojulari) || 2023 3rd round pick (72nd overall, Garrett Williams) and 2024 3rd round pick (71st overall, Isaiah Adams)","remaining punct/mixed multi-pick pattern"
"96","manual","C4A_punct_or_mixed_remaining_review","","DET-2023-0401","arizona-cardinals","2023-3rd-round-pick-96th-overall-brodric-martin-arizona-st-louis-cardinals-2023","S1_clean_multi_pick_split_plus_dedupe_candidate","0","2023 4th round pick (122nd overall, Jon Gaines), 2023 5th round pick (139th overall, Clayton Tune) and 2023 5th round pick (168th overall, Owen Pappoe)","2023 4th round pick (122nd overall, Jon Gaines) || 2023 5th round pick (139th overall, Clayton Tune) and 2023 5th round pick (168th overall, Owen Pappoe)","2023 4th round pick (122nd overall, Jon Gaines) || 2023 5th round pick (139th overall, Clayton Tune) and 2023 5th round pick (168th overall, Owen Pappoe)","remaining punct/mixed multi-pick pattern"
"97","manual","C4A_punct_or_mixed_remaining_review","","PHI-2023-0450","tennessee-titans","eagles-2023-10-23-tennessee-titans-0450","S1_clean_multi_pick_split_plus_dedupe_candidate","0","Terrell Edmunds, 2024 5th round pick (146th overall, Jarvis Brownlee) and 2024 6th round pick (182nd overall, Jha'Quan Jackson)","Terrell Edmunds || 2024 5th round pick (146th overall, Jarvis Brownlee) and 2024 6th round pick (182nd overall, Jha'Quan Jackson)","Terrell Edmunds || 2024 5th round pick (146th overall, Jarvis Brownlee) and 2024 6th round pick (182nd overall, Jha'Quan Jackson)","remaining punct/mixed multi-pick pattern"
"98","manual","C4A_punct_or_mixed_remaining_review","","BUF-2024-0337","kansas-city-chiefs","2024-1st-round-pick-32nd-overall-subsequently-traded-xavier-legette-2024-3rd-rou","S1_clean_multi_pick_split_plus_dedupe_candidate","0","2024 1st round pick (28th overall, Xavier Worthy), 2024 4th round pick (133rd overall, Jaden Hicks) and 2024 7th round pick (248th overall, C.J. Hanson)","2024 1st round pick (28th overall, Xavier Worthy) || 2024 4th round pick (133rd overall, Jaden Hicks) and 2024 7th round pick (248th overall, C.J. Hanson)","2024 1st round pick (28th overall, Xavier Worthy) || 2024 4th round pick (133rd overall, Jaden Hicks) and 2024 7th round pick (248th overall, C.J. Hanson)","remaining punct/mixed multi-pick pattern"
"99","manual","C4A_punct_or_mixed_remaining_review","","WAS-2024-0456","washington-commanders","2024-2nd-round-pick-50th-overall-mike-sainristil-2024-2nd-round-pick-53rd-overall-ben-sinn","S1_clean_multi_pick_split_plus_dedupe_candidate","0","2024 2nd round pick (50th overall, Mike Sainristil), 2024 2nd round pick (53rd overall, Ben Sinnott) and 2024 5th round pick (161st overall, Dominique Hampton)","2024 2nd round pick (50th overall, Mike Sainristil) || 2024 2nd round pick (53rd overall, Ben Sinnott) and 2024 5th round pick (161st overall, Dominique Hampton)","2024 2nd round pick (50th overall, Mike Sainristil) || 2024 2nd round pick (53rd overall, Ben Sinnott) and 2024 5th round pick (161st overall, Dominique Hampton)","remaining punct/mixed multi-pick pattern"
"100","manual","C4A_punct_or_mixed_remaining_review","","NO-2024-0337","new-orleans-saints","saints-2024-11-05-washington-commanders-2025-3rd-round-pick-93rd-overall-jonas-s","S1_clean_multi_pick_split_plus_dedupe_candidate","0","2025 3rd round pick (93rd overall, Jonas Sanker), 2025 4th round pick (131st overall, Quincy Riley) and 2025 6th round pick (184th overall, Devin Neal)","2025 3rd round pick (93rd overall, Jonas Sanker) || 2025 4th round pick (131st overall, Quincy Riley) and 2025 6th round pick (184th overall, Devin Neal)","2025 3rd round pick (93rd overall, Jonas Sanker) || 2025 4th round pick (131st overall, Quincy Riley) and 2025 6th round pick (184th overall, Devin Neal)","remaining punct/mixed multi-pick pattern"
"101","manual","C4A_punct_or_mixed_remaining_review","","JAX-2025-0108","jacksonville-jaguars","travis-hunter-cleveland-browns-2025","S1_clean_multi_pick_split_plus_dedupe_candidate","0","2025 1st round pick (2nd overall, Travis Hunter), 2025 4th round pick (104th overall, Bhayshul Tuten) and 2025 6th round pick (200th overall, Rayuan Lane)","2025 1st round pick (2nd overall, Travis Hunter) || 2025 4th round pick (104th overall, Bhayshul Tuten) and 2025 6th round pick (200th overall, Rayuan Lane)","2025 1st round pick (2nd overall, Travis Hunter) || 2025 4th round pick (104th overall, Bhayshul Tuten) and 2025 6th round pick (200th overall, Rayuan Lane)","remaining punct/mixed multi-pick pattern"
"102","manual","C4A_punct_or_mixed_remaining_review","","JAX-2025-0108","cleveland-browns","travis-hunter-cleveland-browns-2025","S1_clean_multi_pick_split_plus_dedupe_candidate","0","2025 1st round pick (5th overall, Mason Graham), 2025 2nd round pick (36th overall, Quinshon Judkins), 2025 4th round pick (126th overall, Dylan Sampson) and 2026 1st round pick (24th overall, KC Concepcion)","2025 1st round pick (5th overall, Mason Graham) || 2025 2nd round pick (36th overall, Quinshon Judkins) || 2025 4th round pick (126th overall, Dylan Sampson) and 2026 1st round pick (24th overall, KC Concepcion)","2025 1st round pick (5th overall, Mason Graham) || 2025 2nd round pick (36th overall, Quinshon Judkins) || 2025 4th round pick (126th overall, Dylan Sampson) and 2026 1st round pick (24th overall, KC Concepcion)","remaining punct/mixed multi-pick pattern"
"103","manual","C4A_punct_or_mixed_remaining_review","","BUF-2025-0343","buffalo-bills","2025-2nd-round-pick-41st-overall-t-j-sanders-2025-3rd-round-pick-72nd-overall-la","S1_clean_multi_pick_split_plus_dedupe_candidate","0","2025 2nd round pick (41st overall, T.J. Sanders), 2025 3rd round pick (72nd overall, Landon Jackson) and 2025 7th round pick (240th overall, Kaden Prather)","2025 2nd round pick (41st overall, T.J. Sanders) || 2025 3rd round pick (72nd overall, Landon Jackson) and 2025 7th round pick (240th overall, Kaden Prather)","2025 2nd round pick (41st overall, T.J. Sanders) || 2025 3rd round pick (72nd overall, Landon Jackson) and 2025 7th round pick (240th overall, Kaden Prather)","remaining punct/mixed multi-pick pattern"
"104","manual","C34Z_other_manual_review","","DEN-2025-08-20-0398","denver-broncos","2026-4th-round-pick-108th-overall-jonah-coleman-and-a-2027-7th-round-pick-new-orleans-sain","S1_clean_multi_pick_split_plus_dedupe_candidate","0","2026 4th round pick (108th overall, Jonah Coleman) and a 2027 7th round pick","2026 4th round pick (108th overall, Jonah Coleman) || a 2027 7th round pick","2026 4th round pick (108th overall, Jonah Coleman) || a 2027 7th round pick","no clean remaining split lane detected"
"105","manual","C34Z_other_manual_review","","MIN-2025-08-24-0323","minnesota-vikings","draft-pick-trade-philadelphia-eagles-2025","S1_clean_multi_pick_split_plus_dedupe_candidate","0","2026 5th round pick (163rd overall, Charles Demmings) and a 2027 7th round pick","2026 5th round pick (163rd overall, Charles Demmings) || a 2027 7th round pick","2026 5th round pick (163rd overall, Charles Demmings) || a 2027 7th round pick","no clean remaining split lane detected"
"106","manual","C4A_punct_or_mixed_remaining_review","","MIN-2025-08-27-0325","minnesota-vikings","adam-thielen-carolina-panthers-2025","S1_clean_multi_pick_split_plus_dedupe_candidate","0","Adam Thielen, 2026 7th round pick (235th overall, Gavin Gerhardt) and a 2027 5th round pick","Adam Thielen || 2026 7th round pick (235th overall, Gavin Gerhardt) and a 2027 5th round pick","Adam Thielen || 2026 7th round pick (235th overall, Gavin Gerhardt) and a 2027 5th round pick","remaining punct/mixed multi-pick pattern"
"107","manual","C4A_punct_or_mixed_remaining_review","","IND-2025-0388","new-york-jets","sauce-gardner-new-york-jets-2025","S1_clean_multi_pick_split_plus_dedupe_candidate","0","Adonai Mitchell, 2026 1st round pick (16th overall, Kenyon Sadiq) and a 2027 1st round pick","Adonai Mitchell || 2026 1st round pick (16th overall, Kenyon Sadiq) and a 2027 1st round pick","Adonai Mitchell || 2026 1st round pick (16th overall, Kenyon Sadiq) and a 2027 1st round pick","remaining punct/mixed multi-pick pattern"
"108","manual","C4A_punct_or_mixed_remaining_review","","DAL-2026-0358","miami-dolphins","2026-1st-round-pick-miami-dolphins-2026","S1_clean_multi_pick_split_plus_dedupe_candidate","0","2026 1st round pick (12th overall, Kadyn Proctor), 2026 5th round pick (177th overall, Kevin Coleman) and 2026 5th round pick (180th overall, Seydou Traore)","2026 1st round pick (12th overall, Kadyn Proctor) || 2026 5th round pick (177th overall, Kevin Coleman) and 2026 5th round pick (180th overall, Seydou Traore)","2026 1st round pick (12th overall, Kadyn Proctor) || 2026 5th round pick (177th overall, Kevin Coleman) and 2026 5th round pick (180th overall, Seydou Traore)","remaining punct/mixed multi-pick pattern"
"109","manual","C34Z_other_manual_review","","PHI-2026-0482","philadelphia-eagles","eagles-2026-04-23-dallas-cowboys-0482","S1_clean_multi_pick_split_plus_dedupe_candidate","0","2026 1st round pick (20th overall, Makai Lemon) and a 2027 7th round pick","2026 1st round pick (20th overall, Makai Lemon) || a 2027 7th round pick","2026 1st round pick (20th overall, Makai Lemon) || a 2027 7th round pick","no clean remaining split lane detected"
"110","manual","C4A_punct_or_mixed_remaining_review","","PHI-2026-0482","dallas-cowboys","eagles-2026-04-23-dallas-cowboys-0482","S1_clean_multi_pick_split_plus_dedupe_candidate","0","2026 1st round pick (23rd overall, Malachi Lawrence), 2026 4th round pick (114th overall, Devin Moore) and 2026 4th round pick (137th overall, LT Overton)","2026 1st round pick (23rd overall, Malachi Lawrence) || 2026 4th round pick (114th overall, Devin Moore) and 2026 4th round pick (137th overall, LT Overton)","2026 1st round pick (23rd overall, Malachi Lawrence) || 2026 4th round pick (114th overall, Devin Moore) and 2026 4th round pick (137th overall, LT Overton)","remaining punct/mixed multi-pick pattern"
"111","manual","C4A_punct_or_mixed_remaining_review","","LAC-2026-0379","los-angeles-chargers","2026-2nd-round-pick-63rd-overall-jake-slaughter-2026-4th-round-pick-131st-overal","S1_clean_multi_pick_split_plus_dedupe_candidate","0","2026 2nd round pick (63rd overall, Jake Slaughter), 2026 4th round pick (131st overall, Genesis Smith) and 2026 6th round pick (202nd overall, Logan Taylor)","2026 2nd round pick (63rd overall, Jake Slaughter) || 2026 4th round pick (131st overall, Genesis Smith) and 2026 6th round pick (202nd overall, Logan Taylor)","2026 2nd round pick (63rd overall, Jake Slaughter) || 2026 4th round pick (131st overall, Genesis Smith) and 2026 6th round pick (202nd overall, Logan Taylor)","remaining punct/mixed multi-pick pattern"
"112","manual","C4A_punct_or_mixed_remaining_review","","LAC-2026-0380","los-angeles-chargers","2026-4th-round-pick-105th-overall-brenen-thompson-2026-5th-round-pick-145th-over","S1_clean_multi_pick_split_plus_dedupe_candidate","0","2026 4th round pick (105th overall, Brenen Thompson), 2026 5th round pick (145th overall, Nick Barrett) and 2026 6th round pick (206th overall, Alex Harkey)","2026 4th round pick (105th overall, Brenen Thompson) || 2026 5th round pick (145th overall, Nick Barrett) and 2026 6th round pick (206th overall, Alex Harkey)","2026 4th round pick (105th overall, Brenen Thompson) || 2026 5th round pick (145th overall, Nick Barrett) and 2026 6th round pick (206th overall, Alex Harkey)","remaining punct/mixed multi-pick pattern"
"113","manual","C34Z_other_manual_review","","MIN-2026-04-24-0327","minnesota-vikings","draft-pick-trade-philadelphia-eagles-2026","S1_clean_multi_pick_split_plus_dedupe_candidate","0","2026 3rd round pick (98th overall, Jakobe Thomas) and a 2027 3rd round pick","2026 3rd round pick (98th overall, Jakobe Thomas) || a 2027 3rd round pick","2026 3rd round pick (98th overall, Jakobe Thomas) || a 2027 3rd round pick","no clean remaining split lane detected"
"114","manual","C4A_punct_or_mixed_remaining_review","","PIT-2026-0394","indianapolis-colts","2026-2nd-round-pick-47th-overall-germie-bernard-indianapolis-colts-2026","S1_clean_multi_pick_split_plus_dedupe_candidate","0","2026 2nd round pick (53rd overall, CJ Allen), 2026 4th round pick (135th overall, Bryce Boettcher) and 2026 7th round pick (237th overall, Seth McGowan)","2026 2nd round pick (53rd overall, CJ Allen) || 2026 4th round pick (135th overall, Bryce Boettcher) and 2026 7th round pick (237th overall, Seth McGowan)","2026 2nd round pick (53rd overall, CJ Allen) || 2026 4th round pick (135th overall, Bryce Boettcher) and 2026 7th round pick (237th overall, Seth McGowan)","remaining punct/mixed multi-pick pattern"
"115","manual","C34Z_other_manual_review","","BUF-2026-0351","buffalo-bills","2026-4th-round-pick-102nd-overall-jude-bowry-and-a-2027-7th-round-pick-las-vegas","S1_clean_multi_pick_split_plus_dedupe_candidate","0","2026 4th round pick (102nd overall, Jude Bowry) and a 2027 7th round pick","2026 4th round pick (102nd overall, Jude Bowry) || a 2027 7th round pick","2026 4th round pick (102nd overall, Jude Bowry) || a 2027 7th round pick","no clean remaining split lane detected"
"116","manual","C34Z_other_manual_review","","MIN-2026-0321","new-england-patriots","2026-6th-round-pick-198th-overall-demond-claiborne-new-england-patriots-2026","S1_clean_multi_pick_split_plus_dedupe_candidate","0","2026 7th round pick (234th overall, Behren Morton) and a 2027 6th round pick","2026 7th round pick (234th overall, Behren Morton) || a 2027 6th round pick","2026 7th round pick (234th overall, Behren Morton) || a 2027 6th round pick","no clean remaining split lane detected"
"117","manual","C4A_punct_or_mixed_remaining_review","","RAM-2026-0546","philadelphia-eagles","2026-6th-round-pick-197th-overall-cj-daniels-philadelphia-eagles-2026","S1_clean_multi_pick_split_plus_dedupe_candidate","0","2026 6th round pick (207th overall, Micah Morris), 2026 7th round pick (251st overall, Uar Bernard) and 2026 7th round pick (252nd overall, Keyshawn James-Newby)","2026 6th round pick (207th overall, Micah Morris) || 2026 7th round pick (251st overall, Uar Bernard) and 2026 7th round pick (252nd overall, Keyshawn James-Newby)","2026 6th round pick (207th overall, Micah Morris) || 2026 7th round pick (251st overall, Uar Bernard) and 2026 7th round pick (252nd overall, Keyshawn James-Newby)","remaining punct/mixed multi-pick pattern"
"118","manual","C34Z_other_manual_review","","SF-2026-0435","san-francisco-49ers","2026-5th-round-pick-154th-overall-jaden-dugger-baltimore-ravens-2026","S1_clean_multi_pick_split_plus_dedupe_candidate","0","2026 5th round pick (154th overall, Jaden Dugger) and a 2027 6th round pick","2026 5th round pick (154th overall, Jaden Dugger) || a 2027 6th round pick","2026 5th round pick (154th overall, Jaden Dugger) || a 2027 6th round pick","no clean remaining split lane detected"
"119","manual","C34Z_other_manual_review","","PHI-2026-0485","philadelphia-eagles","eagles-2026-06-01-new-england-patriots-0485","S1_clean_multi_pick_split_plus_dedupe_candidate","0","a 2027 5th round pick and a 2028 1st round pick","a 2027 5th round pick || a 2028 1st round pick","a 2027 5th round pick || a 2028 1st round pick","no clean remaining split lane detected"
"120","manual","C4A_punct_or_mixed_remaining_review","","RAM-2026-0547","cleveland-browns","myles-garrett-cleveland-browns-2026","S1_clean_multi_pick_split_plus_dedupe_candidate","0","Jared Verse, a 2027 1st round pick, a 2028 2nd round pick and a 2029 3rd round pick","Jared Verse || a 2027 1st round pick || a 2028 2nd round pick and a 2029 3rd round pick","Jared Verse || a 2027 1st round pick || a 2028 2nd round pick and a 2029 3rd round pick","remaining punct/mixed multi-pick pattern"
"121","manual","C34Z_other_manual_review","","PHI-2026-0481","green-bay-packers","eagles-2026-04-10-green-bay-packers-0481","S2_clean_multi_pick_split_candidate","0","a 2027 6th round pick and 2026 5th round pick (153rd overall, Jager Burton)","a 2027 6th round pick || 2026 5th round pick (153rd overall, Jager Burton)","a 2027 6th round pick || 2026 5th round pick (153rd overall, Jager Burton)","no clean remaining split lane detected"
"122","manual","C34Z_other_manual_review","","NYJ-1996-0159","new-york-jets","james-brown-to-dolphins-redskins-sent-1997-6th-round-pick-180th-overall-calvin-collins-and","S3_multi_pick_bundle_complex_review","0","James Brown to Dolphins. Redskins sent 1997 6th round pick (180th overall, Calvin Collins) and 1997 7th round pick (222nd overall, Chris Bayne) to Falcons. Dolphins sent 1997 5th round pick (145th overall, Raymond Austin)","James Brown to Dolphins. Redskins sent 1997 6th round pick (180th overall, Calvin Collins) || 1997 7th round pick (222nd overall, Chris Bayne) to Falcons. Dolphins sent 1997 5th round pick (145th overall, Raymond Austin)","James Brown to Dolphins. Redskins sent 1997 6th round pick (180th overall, Calvin Collins) || 1997 7th round pick (222nd overall, Chris Bayne) to Falcons. Dolphins sent 1997 5th round pick (145th overall, Raymond Austin)","no clean remaining split lane detected"
"123","manual","C4A_punct_or_mixed_remaining_review","","MIN-2020-04-23-0281","minnesota-vikings","draft-pick-trade-san-francisco-49ers-2020","S3_multi_pick_bundle_complex_review","0","2020 1st-round pick (#31 Jeff Gladney), 2020 4th-round pick (#117 D.J. Wonnum), and 2020 5th-round pick (#176 K.J. Osborn)","2020 1st-round pick (#31 Jeff Gladney) || 2020 4th-round pick (#117 D.J. Wonnum) || and 2020 5th-round pick (#176 K.J. Osborn)","2020 1st-round pick (#31 Jeff Gladney) || 2020 4th-round pick (#117 D.J. Wonnum) || and 2020 5th-round pick (#176 K.J. Osborn)","remaining punct/mixed multi-pick pattern"
"124","manual","C4A_punct_or_mixed_remaining_review","","MIN-2023-04-28-0303","minnesota-vikings","draft-pick-trade-san-francisco-49ers-2023","S3_multi_pick_bundle_complex_review","0","2023 3rd-round pick (#102 Mekhi Blackmon), 2023 5th-round pick (#164 Jaren Hall), and 2023 7th-round pick (#222 DeWayne McBride)","2023 3rd-round pick (#102 Mekhi Blackmon) || 2023 5th-round pick (#164 Jaren Hall) || and 2023 7th-round pick (#222 DeWayne McBride)","2023 3rd-round pick (#102 Mekhi Blackmon) || 2023 5th-round pick (#164 Jaren Hall) || and 2023 7th-round pick (#222 DeWayne McBride)","remaining punct/mixed multi-pick pattern"
"125","manual","C34Z_other_manual_review","","MIA-1977-0077","miami-dolphins","1977-fifth-round-pick-buccaneers-1977","S1_clean_multi_pick_split_plus_dedupe_candidate","2","1977 fifth round pick (#113-Mike Michel) 1977 sixth round pick (?-?)","1977 fifth round pick (#113-Mike Michel) 1977 sixth round pick (?-?)","1977 fifth round pick (#113-Mike Michel) 1977 sixth round pick (?-?)","no clean remaining split lane detected"
"126","manual","C34Z_other_manual_review","","RAI-1977-0137","las-vegas-raiders","1978-sixth-round-pick-140-tom-davis-tampa-bay-buccaneers-1977","S1_clean_multi_pick_split_plus_dedupe_candidate","2","1978 sixth round pick (#140-Tom Davis) 1979 sixth round pick (#142-Ira Matthews)","1978 sixth round pick (#140-Tom Davis) 1979 sixth round pick (#142-Ira Matthews)","1978 sixth round pick (#140-Tom Davis) 1979 sixth round pick (#142-Ira Matthews)","no clean remaining split lane detected"
"127","manual","C34Z_other_manual_review","","SF-1995-0288","san-francisco-49ers","1995-1st-round-pick-10th-overall-j-j-stokes-traded-1996-1st-round-p-cleveland-browns-1995","S1_clean_multi_pick_split_plus_dedupe_candidate","0","1995 1st round pick (10th overall, J.J. Stokes)Traded 1996 1st round pick (26th overall, Ray Lewis) to for","1995 1st round pick (10th overall, J.J. Stokes)Traded 1996 1st round pick (26th overall, Ray Lewis) to for","1995 1st round pick (10th overall, J.J. Stokes)Traded 1996 1st round pick (26th overall, Ray Lewis) to for","no clean remaining split lane detected"
"128","manual","C4A_punct_or_mixed_remaining_review","","ATL-2001-0227","los-angeles-chargers","2001-1st-round-pick-1st-overall-los-angeles-chargers-2001","S1_clean_multi_pick_split_plus_dedupe_candidate","0","Tim Dwight, 2001 1st round pick (5th overall, LaDainian Tomlinson), 2001 3rd round pick (67th overall, Tay Cody)","Tim Dwight || 2001 1st round pick (5th overall, LaDainian Tomlinson) || 2001 3rd round pick (67th overall, Tay Cody)","Tim Dwight || 2001 1st round pick (5th overall, LaDainian Tomlinson) || 2001 3rd round pick (67th overall, Tay Cody)","remaining punct/mixed multi-pick pattern"
"129","manual","C4A_punct_or_mixed_remaining_review","","SEA-2022-03-08-0225","seattle-seahawks","drew-lock-shelby-harris-noah-fant-2022-1st-roun-denver-broncos-2022","S1_clean_multi_pick_split_plus_dedupe_candidate","0","Drew Lock, Shelby Harris, Noah Fant, 2022 1st round pick (9th overall, Charles Cross), 2022 2nd round pick (40th overall, Boye Mafe), 2023 1st round pick (5th overall, Devon Witherspoon), 2023 2nd round pick (37th overall, Derick Hall)","Drew Lock || Shelby Harris || Noah Fant || 2022 1st round pick (9th overall, Charles Cross) || 2022 2nd round pick (40th overall, Boye Mafe) || 2023 1st round pick (5th overall, Devon Witherspoon) || 2023 2nd round pick (37th overall, Derick Hall)","Drew Lock || Shelby Harris || Noah Fant || 2022 1st round pick (9th overall, Charles Cross) || 2022 2nd round pick (40th overall, Boye Mafe) || 2023 1st round pick (5th overall, Devon Witherspoon) || 2023 2nd round pick (37th overall, Derick Hall)","remaining punct/mixed multi-pick pattern"
"130","manual","C34Z_other_manual_review","","ATL-1997-0219","atlanta-falcons","1997-5th-round-pick-140th-overall-washington-commanders-1997","S1_clean_multi_pick_split_plus_dedupe_candidate","0","1997 5th round pick (140th overall, Keith Thibodeaux) to Redskins. Dolphins sent 1997 5th round pick (145th overall, Raymond Austin) to Jets. Jets sent James Brown to Dolphins. Redskins sent 1997 6th round pick (180th overall, Calvin Collins)","1997 5th round pick (140th overall, Keith Thibodeaux) to Redskins. Dolphins sent 1997 5th round pick (145th overall, Raymond Austin) to Jets. Jets sent James Brown to Dolphins. Redskins sent 1997 6th round pick (180th overall, Calvin Collins)","1997 5th round pick (140th overall, Keith Thibodeaux) to Redskins. Dolphins sent 1997 5th round pick (145th overall, Raymond Austin) to Jets. Jets sent James Brown to Dolphins. Redskins sent 1997 6th round pick (180th overall, Calvin Collins)","no clean remaining split lane detected"
"131","manual","C34Z_other_manual_review","","RAM-1953-0033","los-angeles-rams","undisclosed-draft-pick-possibly-1954-57-charlie-allen-possibly-1954-117-ed-hughe","S3_multi_pick_bundle_complex_review","0","undisclosed draft pick (possibly 1954 #57-Charlie Allen) (possibly 1954 #117-Ed Hughes (D.))","undisclosed draft pick (possibly 1954 #57-Charlie Allen) (possibly 1954 #117-Ed Hughes (D.))","undisclosed draft pick (possibly 1954 #57-Charlie Allen) (possibly 1954 #117-Ed Hughes (D.))","no clean remaining split lane detected"
"132","manual","C34Z_other_manual_review","","PHI-1953-0029","los-angeles-rams","eagles-1953-09-21-los-angeles-st-louis-rams-0029","S3_multi_pick_bundle_complex_review","0","draft pick (possibly 1954 #57-Charlie Allen) (possibly 1954 #117-Ed Hughes (D.))","draft pick (possibly 1954 #57-Charlie Allen) (possibly 1954 #117-Ed Hughes (D.))","draft pick (possibly 1954 #57-Charlie Allen) (possibly 1954 #117-Ed Hughes (D.))","no clean remaining split lane detected"
"133","manual","C34Z_other_manual_review","","RAM-1957-0067","los-angeles-rams","undisclosed-draft-pick-possibly-1958-44-frank-woidzik-possibly-1958-55-frank-rya","S3_multi_pick_bundle_complex_review","0","undisclosed draft pick (possibly 1958 #44-Frank Woidzik) (possibly 1958 #55-Frank Ryan)","undisclosed draft pick (possibly 1958 #44-Frank Woidzik) (possibly 1958 #55-Frank Ryan)","undisclosed draft pick (possibly 1958 #44-Frank Woidzik) (possibly 1958 #55-Frank Ryan)","no clean remaining split lane detected"
"134","manual","C34Z_other_manual_review","","DEN-1970-08-31-0063","buffalo-bills","booker-edgerson-buffalo-bills-1970","S3_multi_pick_bundle_complex_review","0","1972 fifth round pick (possibly #108-Bob Penchion) (possibly #109-Billy Taylor)","1972 fifth round pick (possibly #108-Bob Penchion) (possibly #109-Billy Taylor)","1972 fifth round pick (possibly #108-Bob Penchion) (possibly #109-Billy Taylor)","no clean remaining split lane detected"
"135","manual","C34Z_other_manual_review","","DEN-1971-08-31-0083","buffalo-bills","george-byrd-butch-byrd-buffalo-bills-1971","S3_multi_pick_bundle_complex_review","0","1972 fifth round pick (possibly #108-Bob Penchion) (possibly #109-Billy Taylor)","1972 fifth round pick (possibly #108-Bob Penchion) (possibly #109-Billy Taylor)","1972 fifth round pick (possibly #108-Bob Penchion) (possibly #109-Billy Taylor)","no clean remaining split lane detected"
