"ordinal","reviewClass","lane","sourceBucket","id","team","slug","reason","bundle","playerText","pickText","projectedAssetsToCreate","projectedNetAssetChange","warnings","errors"
"1","manual","DPP_manual_bundle_has_transaction_or_source_risks","B_probable_duplicate_pick_manual_patch","TB-1980-0065","tampa-bay-buccaneers","danny-buggs-1980-fourth-round-pick-probably-102-larry-flowers-washington-comm","bundle risks: explanatory_or_contingent","Danny Buggs 1980 fourth round pick (probably #102-Larry Flowers)","Danny Buggs","1980 fourth round pick (probably #102-Larry Flowers)","0","0","",""
"2","manual","DPP_manual_player_text_not_strict_name","B_probable_duplicate_pick_manual_patch","KC-1988-0164","tampa-bay-buccaneers","steve-deberg-tampa-bay-buccaneers-1988","player text risks: player_text_not_name_like","Mark Robinson (a) 1988 fourth round pick (#86-John Bruhin)","Mark Robinson (a)","1988 fourth round pick (#86-John Bruhin)","0","0","",""
"3","manual","DPP_manual_bundle_has_transaction_or_source_risks","B_probable_duplicate_pick_manual_patch","TB-2013-0225","tampa-bay-buccaneers","jeff-demps-new-england-patriots-2013","bundle risks: explanatory_or_contingent|transaction_verb_leak","Jeff Demps and 2013 7th round pick (229th overall subsequently traded, Everett Dawkins)","Jeff Demps","2013 7th round pick (229th overall subsequently traded, Everett Dawkins)","0","0","",""
"4","manual","DPP_manual_not_exactly_one_parseable_current_bundle","B_probable_duplicate_pick_manual_patch","ATL-2023-0296","atlanta-falcons","kentavius-street-philadelphia-eagles-2023","expected exactly one parseable current player+pick bundle, found 0","","","","0","0","",""
"5","manual","DPP_manual_player_text_not_strict_name","B_probable_duplicate_pick_manual_patch","PIT-2025-0390","dallas-cowboys","2026-3rd-round-pick-76th-overall-drew-allar-dallas-cowboys-2025","player text risks: player_text_not_name_like","George Pickens and a 2027 6th round pick","George Pickens and a","2027 6th round pick","0","0","",""
"6","manual","DPP_manual_not_exactly_one_parseable_current_bundle","D_player_plus_pick_bundle_needs_split","DET-1957-0051","detroit-lions","tobin-rote-green-bay-packers-1957-07-25","expected exactly one parseable current player+pick bundle, found 0","","","","0","0","",""
"7","manual","DPP_manual_bundle_has_transaction_or_source_risks","D_player_plus_pick_bundle_needs_split","RAM-1958-0073","los-angeles-rams","kline-gilbert-later-changed-to-1959-fourth-round-pick-44-john-tracey-when-gilber","bundle risks: explanatory_or_contingent","Kline Gilbert (later changed to 1959 fourth round pick (#44-John Tracey) when Gilbert retired)","Kline Gilbert (later changed to","1959 fourth round pick (#44-John Tracey) when Gilbert retired)","0","0","",""
"8","manual","DPP_manual_bundle_has_transaction_or_source_risks","D_player_plus_pick_bundle_needs_split","DET-1959-0064","green-bay-packers","oliver-spencer-ollie-spencer-green-bay-packers-1959-07-28","bundle risks: explanatory_or_contingent","Ken Russell (later replaced with 1960 fifth round pick (#51-Dale Hackbart) after Russell left Packers camp)","Ken Russell (later replaced with","1960 fifth round pick (#51-Dale Hackbart) after Russell left Packers camp)","0","0","",""
"9","manual","DPP_manual_not_exactly_one_parseable_current_bundle","D_player_plus_pick_bundle_needs_split","TB-1976-0013","arizona-cardinals","pete-barnes-arizona-st-louis-cardinals-1976","expected exactly one parseable current player+pick bundle, found 0","","","","0","0","",""
"10","manual","DPP_manual_bundle_has_transaction_or_source_risks","D_player_plus_pick_bundle_needs_split","RAI-1983-0184","tennessee-titans","1984-eleventh-round-pick-282-gardner-williams-houston-oilers-tennessee-titans-19","bundle risks: explanatory_or_contingent","Tim Wilson (b. 1954-01-14) (later replaced by 1984 ninth round pick (#252-Mike Russell))","Tim Wilson (b. 1954-01-14) (later replaced by","1984 ninth round pick (#252-Mike Russell))","0","0","",""
"11","manual","DPP_manual_not_exactly_one_parseable_current_bundle","D_player_plus_pick_bundle_needs_split","MIN-1984-0149","minnesota-vikings","billy-shields-later-changed-to-1985-third-round-pick-66-tim-long-via-contingency","expected exactly one parseable current player+pick bundle, found 2","","","","0","0","",""
"12","manual","DPP_manual_bundle_has_transaction_or_source_risks","D_player_plus_pick_bundle_needs_split","BUF-1985-0214","buffalo-bills","chip-banks-replaced-with-1985-first-round-pick-7-ken-ruettgers-when-banks-did-no","bundle risks: explanatory_or_contingent","Chip Banks (replaced with 1985 first round pick (#7-Ken Ruettgers) when Banks did not report)","Chip Banks (replaced with","1985 first round pick (#7-Ken Ruettgers) when Banks did not report)","0","0","",""
"13","manual","DPP_manual_bundle_has_transaction_or_source_risks","D_player_plus_pick_bundle_needs_split","SF-1988-0255","los-angeles-chargers","wes-chandler-los-angeles-san-diego-chargers-1988","bundle risks: explanatory_or_contingent","Fred Quillan (later changed to 1989 seventh round pick (#195-Terrance Jones))","Fred Quillan (later changed to","1989 seventh round pick (#195-Terrance Jones))","0","0","",""
"14","manual","DPP_manual_bundle_has_transaction_or_source_risks","D_player_plus_pick_bundle_needs_split","DEN-1994-04-20-0239","denver-broncos","ted-washington-and-1994-3rd-round-pick-99th-overall-subsequently-traded-alai-kalaniuvalu-s","bundle risks: explanatory_or_contingent|transaction_verb_leak","Ted Washington and 1994 3rd round pick (99th overall subsequently traded, Alai Kalaniuvalu)","Ted Washington","1994 3rd round pick (99th overall subsequently traded, Alai Kalaniuvalu)","0","0","",""
"15","manual","DPP_manual_bundle_has_transaction_or_source_risks","D_player_plus_pick_bundle_needs_split","KC-1995-0182","kansas-city-chiefs","victor-bailey-and-1995-4th-round-pick-1-philadelphia-eagles-1995","bundle risks: explanatory_or_contingent|transaction_verb_leak","Victor Bailey and 1995 4th round pick (112th overall subsequently traded, Dave Wohlabaugh)","Victor Bailey","1995 4th round pick (112th overall subsequently traded, Dave Wohlabaugh)","0","0","",""
"16","manual","DPP_manual_bundle_has_transaction_or_source_risks","D_player_plus_pick_bundle_needs_split","IND-1998-0291","baltimore-ravens","1998-3rd-round-pick-71st-overall-e-g-green-and-1998-4th-round-pick-104th-overall","bundle risks: explanatory_or_contingent|transaction_verb_leak","Jim Harbaugh and 1998 4th round pick (93rd overall subsequently traded, Steve McKinney)","Jim Harbaugh","1998 4th round pick (93rd overall subsequently traded, Steve McKinney)","0","0","",""
"17","manual","DPP_manual_bundle_has_transaction_or_source_risks","D_player_plus_pick_bundle_needs_split","NE-1998-0256","los-angeles-rams","undisclosed-unknown-compensation-los-angeles-rams-1998","bundle risks: explanatory_or_contingent|transaction_verb_leak","Mike Jones and 2000 5th round pick (161st overall subsequently traded, Jeff Marriott)","Mike Jones","2000 5th round pick (161st overall subsequently traded, Jeff Marriott)","0","0","",""
"18","manual","DPP_manual_bundle_has_transaction_or_source_risks","D_player_plus_pick_bundle_needs_split","MIN-1999-09-29-0197","cleveland-browns","jerry-ball-cleveland-browns-1999","bundle risks: explanatory_or_contingent|transaction_verb_leak","Stalin Colinet and 2000 7th round pick (232nd overall subsequently traded, Jeff Harris)","Stalin Colinet","2000 7th round pick (232nd overall subsequently traded, Jeff Harris)","0","0","",""
"19","manual","DPP_manual_bundle_has_transaction_or_source_risks","D_player_plus_pick_bundle_needs_split","JAX-2002-0016","jacksonville-jaguars","wali-rainer-cleveland-browns-2002","bundle risks: explanatory_or_contingent|transaction_verb_leak","Wali Rainer and 2002 3rd round pick (79th overall subsequently traded, Rashad Bauman)","Wali Rainer","2002 3rd round pick (79th overall subsequently traded, Rashad Bauman)","0","0","",""
"20","manual","DPP_manual_bundle_has_transaction_or_source_risks","D_player_plus_pick_bundle_needs_split","PHI-2003-0289","green-bay-packers","eagles-2003-03-03-green-bay-packers-0289","bundle risks: explanatory_or_contingent|transaction_verb_leak","Al Harris and 2003 4th round pick (127th overall subsequently traded, Sam Aiken)","Al Harris","2003 4th round pick (127th overall subsequently traded, Sam Aiken)","0","0","",""
"21","manual","DPP_manual_bundle_has_transaction_or_source_risks","D_player_plus_pick_bundle_needs_split","NE-2005-0288","new-england-patriots","duane-starks-and-2005-5th-round-pick-145th-overall-subsequently-traded-dan-orlovsky-arizon","bundle risks: explanatory_or_contingent|transaction_verb_leak","Duane Starks and 2005 5th round pick (145th overall subsequently traded, Dan Orlovsky)","Duane Starks","2005 5th round pick (145th overall subsequently traded, Dan Orlovsky)","0","0","",""
"22","manual","DPP_manual_not_exactly_one_parseable_current_bundle","D_player_plus_pick_bundle_needs_split","DEN-2005-05-19-0282","carolina-panthers","todd-sauerbrun-carolina-panthers-2005","expected exactly one parseable current player+pick bundle, found 0","","","","0","0","",""
"23","manual","DPP_manual_bundle_has_transaction_or_source_risks","D_player_plus_pick_bundle_needs_split","NYJ-2006-0197","new-york-jets","john-abraham-to-falcons-broncos-sent-2006-1st-round-pick-29th-overall-nick-mangold-atlanta","bundle risks: transaction_verb_leak|sentence_fragment_leak","John Abraham to Falcons. Broncos sent 2006 1st round pick (29th overall, Nick Mangold)","John Abraham to Falcons. Broncos sent","2006 1st round pick (29th overall, Nick Mangold)","0","0","",""
"24","manual","DPP_manual_bundle_has_transaction_or_source_risks","D_player_plus_pick_bundle_needs_split","DEN-2007-03-02-0290","denver-broncos","dre-bly-and-2007-6th-round-pick-176th-overall-subsequently-traded-rufus-alexander-detroit","bundle risks: explanatory_or_contingent|transaction_verb_leak","Dre' Bly and 2007 6th round pick (176th overall subsequently traded, Rufus Alexander)","Dre' Bly","2007 6th round pick (176th overall subsequently traded, Rufus Alexander)","0","0","",""
"25","manual","DPP_manual_bundle_has_transaction_or_source_risks","D_player_plus_pick_bundle_needs_split","NYJ-2007-0208","new-york-jets","thomas-jones-and-2007-2nd-round-pick-63rd-overall-subsequently-traded-brandon-jackson-chic","bundle risks: explanatory_or_contingent|transaction_verb_leak","Thomas Jones and 2007 2nd round pick (63rd overall subsequently traded, Brandon Jackson)","Thomas Jones","2007 2nd round pick (63rd overall subsequently traded, Brandon Jackson)","0","0","",""
"26","manual","DPP_manual_bundle_has_transaction_or_source_risks","D_player_plus_pick_bundle_needs_split","MIN-2008-04-23-0223","minnesota-vikings","jared-allen-kansas-city-chiefs-2008","bundle risks: explanatory_or_contingent|transaction_verb_leak","Jared Allen and 2009 6th round pick (187th overall subsequently traded, Brandon Underwood)","Jared Allen","2009 6th round pick (187th overall subsequently traded, Brandon Underwood)","0","0","",""
"27","manual","DPP_manual_bundle_has_transaction_or_source_risks","D_player_plus_pick_bundle_needs_split","DAL-2008-0296","dallas-cowboys","roy-williams-and-2009-7th-round-pick-detroit-lions-2008","bundle risks: explanatory_or_contingent|transaction_verb_leak","Roy Williams and 2009 7th round pick (210th overall subsequently traded, Vance Walker)","Roy Williams","2009 7th round pick (210th overall subsequently traded, Vance Walker)","0","0","",""
"28","manual","DPP_manual_bundle_has_transaction_or_source_risks","D_player_plus_pick_bundle_needs_split","SEA-2009-03-16-0139","seattle-seahawks","cory-redding-detroit-lions-2009","bundle risks: explanatory_or_contingent|transaction_verb_leak","Cory Redding and 2009 5th round pick (137th overall subsequently traded, Jason Phillips)","Cory Redding","2009 5th round pick (137th overall subsequently traded, Jason Phillips)","0","0","",""
"29","manual","DPP_manual_bundle_has_transaction_or_source_risks","D_player_plus_pick_bundle_needs_split","DEN-2009-08-17-0306","denver-broncos","le-kevin-smith-and-2010-7th-round-pick-231st-overall-subsequently-traded-selvish-capers-ne","bundle risks: explanatory_or_contingent|transaction_verb_leak","Le Kevin Smith and 2010 7th round pick (231st overall subsequently traded, Selvish Capers)","Le Kevin Smith","2010 7th round pick (231st overall subsequently traded, Selvish Capers)","0","0","",""
"30","manual","DPP_manual_bundle_has_transaction_or_source_risks","D_player_plus_pick_bundle_needs_split","DET-2010-0347","detroit-lions","alphonso-smith-and-2011-7th-round-pick-pick-forfeited-due-to-tampering-denver-br","bundle risks: explanatory_or_contingent","Alphonso Smith and 2011 7th round pick (pick forfeited due to tampering)","Alphonso Smith","2011 7th round pick (pick forfeited due to tampering)","0","0","",""
"31","manual","DPP_manual_bundle_has_transaction_or_source_risks","D_player_plus_pick_bundle_needs_split","DET-2010-0347","denver-broncos","alphonso-smith-and-2011-7th-round-pick-pick-forfeited-due-to-tampering-denver-br","bundle risks: explanatory_or_contingent|transaction_verb_leak|sentence_fragment_leak","Dan Gronkowski and 2011 6th round pick (186th overall subsequently traded, D.J. Smith)","Dan Gronkowski","2011 6th round pick (186th overall subsequently traded, D.J. Smith)","0","0","",""
"32","manual","DPP_manual_bundle_has_transaction_or_source_risks","D_player_plus_pick_bundle_needs_split","PHI-2010-0345","new-england-patriots","eagles-2010-09-04-new-england-patriots-0345","bundle risks: explanatory_or_contingent|transaction_verb_leak","Tracy White and 2012 7th round pick (223rd overall subsequently traded, Travis Lewis)","Tracy White","2012 7th round pick (223rd overall subsequently traded, Travis Lewis)","0","0","",""
"33","manual","DPP_manual_bundle_has_transaction_or_source_risks","D_player_plus_pick_bundle_needs_split","MIN-2010-0227","minnesota-vikings","randy-moss-new-england-patriots-2010","bundle risks: explanatory_or_contingent|transaction_verb_leak","Randy Moss and 2012 7th round pick (223rd overall subsequently traded, Travis Lewis)","Randy Moss","2012 7th round pick (223rd overall subsequently traded, Travis Lewis)","0","0","",""
"34","manual","DPP_manual_bundle_has_transaction_or_source_risks","D_player_plus_pick_bundle_needs_split","MIA-2011-0244","miami-dolphins","reggie-bush-saints-2011","bundle risks: explanatory_or_contingent|transaction_verb_leak","Reggie Bush and 2012 6th round pick (196th overall subsequently traded, Jonte Green)","Reggie Bush","2012 6th round pick (196th overall subsequently traded, Jonte Green)","0","0","",""
"35","manual","DPP_manual_bundle_has_transaction_or_source_risks","D_player_plus_pick_bundle_needs_split","IND-2012-0328","indianapolis-colts","winston-justice-and-2012-6th-round-pick-187th-overall-subsequently-traded-josh-b","bundle risks: explanatory_or_contingent|transaction_verb_leak","Winston Justice and 2012 6th round pick (187th overall subsequently traded, Josh Bush)","Winston Justice","2012 6th round pick (187th overall subsequently traded, Josh Bush)","0","0","",""
"36","manual","DPP_manual_bundle_has_transaction_or_source_risks","D_player_plus_pick_bundle_needs_split","DEN-2012-03-26-0323","new-york-jets","2012-4th-round-pick-108th-overall-philip-blake-and-2012-6th-round-pick-188th-overall-danny","bundle risks: explanatory_or_contingent|transaction_verb_leak","Tim Tebow and 2012 7th round pick (232nd overall subsequently traded, Greg Scruggs)","Tim Tebow","2012 7th round pick (232nd overall subsequently traded, Greg Scruggs)","0","0","",""
"37","manual","DPP_manual_not_exactly_one_parseable_current_bundle","D_player_plus_pick_bundle_needs_split","IND-2012-0333","philadelphia-eagles","moise-fokou-and-greg-lloyd-philadelphia-eagles-2012","expected exactly one parseable current player+pick bundle, found 0","","","","0","0","",""
"38","manual","DPP_manual_bundle_has_transaction_or_source_risks","D_player_plus_pick_bundle_needs_split","DET-2015-0358","detroit-lions","haloti-ngata-and-2015-7th-round-pick-231st-overall-subsequently-traded-joey-iose","bundle risks: explanatory_or_contingent|transaction_verb_leak","Haloti Ngata and 2015 7th round pick (231st overall subsequently traded, Joey Iosefa)","Haloti Ngata","2015 7th round pick (231st overall subsequently traded, Joey Iosefa)","0","0","",""
"39","manual","DPP_manual_bundle_has_transaction_or_source_risks","D_player_plus_pick_bundle_needs_split","MIN-2015-03-10-0249","buffalo-bills","draft-pick-trade-buffalo-bills-2015","bundle risks: explanatory_or_contingent|transaction_verb_leak","Matt Cassel and 2015 6th round pick (187th overall subsequently traded, Evan Spencer)","Matt Cassel","2015 6th round pick (187th overall subsequently traded, Evan Spencer)","0","0","",""
"40","manual","DPP_manual_bundle_has_transaction_or_source_risks","D_player_plus_pick_bundle_needs_split","NYJ-2015-0242","new-york-jets","brandon-marshall-and-2015-7th-round-pick-224th-overall-subsequently-traded-bryce-hager-chi","bundle risks: explanatory_or_contingent|transaction_verb_leak","Brandon Marshall and 2015 7th round pick (224th overall subsequently traded, Bryce Hager)","Brandon Marshall","2015 7th round pick (224th overall subsequently traded, Bryce Hager)","0","0","",""
"41","manual","DPP_manual_bundle_has_transaction_or_source_risks","D_player_plus_pick_bundle_needs_split","NE-2015-0359","new-england-patriots","keshawn-martin-and-2016-6th-round-pick-196th-overall-subsequently-traded-blake-countess-ho","bundle risks: explanatory_or_contingent|transaction_verb_leak","Keshawn Martin and 2016 6th round pick (196th overall subsequently traded, Blake Countess)","Keshawn Martin","2016 6th round pick (196th overall subsequently traded, Blake Countess)","0","0","",""
"42","manual","DPP_manual_bundle_has_transaction_or_source_risks","D_player_plus_pick_bundle_needs_split","NE-2016-0361","new-england-patriots","jonathan-cooper-and-2016-2nd-round-pick-61st-overall-subsequently-traded-vonn-bell-arizona","bundle risks: explanatory_or_contingent|transaction_verb_leak","Jonathan Cooper and 2016 2nd round pick (61st overall subsequently traded, Vonn Bell)","Jonathan Cooper","2016 2nd round pick (61st overall subsequently traded, Vonn Bell)","0","0","",""
"43","manual","DPP_manual_bundle_has_transaction_or_source_risks","D_player_plus_pick_bundle_needs_split","CHI-2016-0461","new-england-patriots","2016-4th-round-pick-127th-overall-deiondre-hall-new-england-patriots-2","bundle risks: explanatory_or_contingent|transaction_verb_leak","Martellus Bennett and 2016 6th round pick (204th overall subsequently traded, Jordan Lucas)","Martellus Bennett","2016 6th round pick (204th overall subsequently traded, Jordan Lucas)","0","0","",""
"44","manual","DPP_manual_bundle_has_transaction_or_source_risks","D_player_plus_pick_bundle_needs_split","MIA-2016-0265","cleveland-browns","2016-7th-round-pick-222nd-overall-subsequently-traded-browns-2016","bundle risks: explanatory_or_contingent|transaction_verb_leak","Jamar Taylor and 2016 7th round pick (249th overall subsequently traded, Prince Charles Iworah)","Jamar Taylor","2016 7th round pick (249th overall subsequently traded, Prince Charles Iworah)","0","0","",""
"45","manual","DPP_manual_bundle_has_transaction_or_source_risks","D_player_plus_pick_bundle_needs_split","CAR-2016-0057","cleveland-browns","panthers-cleveland-browns-trade-2016-0057","bundle risks: explanatory_or_contingent|transaction_verb_leak","Kasey Redfern and 2018 4th round pick (123rd overall subsequently traded, Durham Smythe)","Kasey Redfern","2018 4th round pick (123rd overall subsequently traded, Durham Smythe)","0","0","",""
"46","manual","DPP_manual_bundle_has_transaction_or_source_risks","D_player_plus_pick_bundle_needs_split","DET-2016-0364","new-england-patriots","2017-6th-round-pick-215th-overall-brad-kaaya-new-england-patriots-2016-10-25","bundle risks: explanatory_or_contingent|transaction_verb_leak","Kyle Van Noy and 2017 7th round pick (239th overall subsequently traded, Noah Brown)","Kyle Van Noy","2017 7th round pick (239th overall subsequently traded, Noah Brown)","0","0","",""
"47","manual","DPP_manual_bundle_has_transaction_or_source_risks","D_player_plus_pick_bundle_needs_split","IND-2017-0347","new-england-patriots","2017-4th-round-pick-137th-overall-zach-banner-new-england-patriots-2017","bundle risks: explanatory_or_contingent|transaction_verb_leak","Dwayne Allen and 2017 6th round pick (200th overall subsequently traded, Adam Bisnowaty)","Dwayne Allen","2017 6th round pick (200th overall subsequently traded, Adam Bisnowaty)","0","0","",""
"48","manual","DPP_manual_bundle_has_transaction_or_source_risks","D_player_plus_pick_bundle_needs_split","MIA-2017-0269","miami-dolphins","william-hayes-rams-2017","bundle risks: explanatory_or_contingent|transaction_verb_leak","William Hayes and 2017 7th round pick (223rd overall subsequently traded, Stevie Tu'ikolovatu)","William Hayes","2017 7th round pick (223rd overall subsequently traded, Stevie Tu'ikolovatu)","0","0","",""
"49","manual","DPP_manual_bundle_has_transaction_or_source_risks","D_player_plus_pick_bundle_needs_split","CAR-2017-0058","new-england-patriots","panthers-new-england-patriots-trade-2017-0058","bundle risks: explanatory_or_contingent|transaction_verb_leak","Kony Ealy and 2017 3rd round pick (72nd overall subsequently traded, Taywan Taylor)","Kony Ealy","2017 3rd round pick (72nd overall subsequently traded, Taywan Taylor)","0","0","",""
"50","manual","DPP_manual_bundle_has_transaction_or_source_risks","D_player_plus_pick_bundle_needs_split","NO-2017-0307","new-england-patriots","saints-2017-03-10-new-england-patriots-2017-1st-round-pick-32nd-overall-ryan-ram","bundle risks: explanatory_or_contingent|transaction_verb_leak","Brandin Cooks and 2017 4th round pick (118th overall subsequently traded, Mack Hollins)","Brandin Cooks","2017 4th round pick (118th overall subsequently traded, Mack Hollins)","0","0","",""
"51","manual","DPP_manual_bundle_has_transaction_or_source_risks","D_player_plus_pick_bundle_needs_split","PIT-2017-0357","cleveland-browns","2018-6th-round-pick-202nd-overall-subsequently-traded-jack-cichy-cleveland-browns-2017","bundle risks: explanatory_or_contingent|transaction_verb_leak","Sammie Coates and 2019 7th round pick (234th overall subsequently traded, Myles Gaskin)","Sammie Coates","2019 7th round pick (234th overall subsequently traded, Myles Gaskin)","0","0","",""
"52","manual","DPP_manual_bundle_has_transaction_or_source_risks","D_player_plus_pick_bundle_needs_split","RAM-2018-0488","los-angeles-rams","marcus-peters-and-2018-6th-round-pick-209th-overall-subsequently-traded-cornell","bundle risks: explanatory_or_contingent|transaction_verb_leak","Marcus Peters and 2018 6th round pick (209th overall subsequently traded, Cornell Armstrong)","Marcus Peters","2018 6th round pick (209th overall subsequently traded, Cornell Armstrong)","0","0","",""
"53","manual","DPP_manual_bundle_has_transaction_or_source_risks","D_player_plus_pick_bundle_needs_split","WAS-2018-0434","kansas-city-chiefs","alex-smith-kansas-city-chiefs-2018","bundle risks: explanatory_or_contingent|transaction_verb_leak","Kendall Fuller and 2018 3rd round pick (78th overall subsequently traded, Malik Jefferson)","Kendall Fuller","2018 3rd round pick (78th overall subsequently traded, Malik Jefferson)","0","0","",""
"54","manual","DPP_manual_bundle_has_transaction_or_source_risks","D_player_plus_pick_bundle_needs_split","RAI-2018-0369","dallas-cowboys","2018-5th-round-pick-173rd-overall-dallas-cowboys-2018","bundle risks: explanatory_or_contingent|transaction_verb_leak","Jamize Olawale and 2018 6th round pick (192nd overall subsequently traded, Jamil Demby)","Jamize Olawale","2018 6th round pick (192nd overall subsequently traded, Jamil Demby)","0","0","",""
"55","manual","DPP_manual_bundle_has_transaction_or_source_risks","D_player_plus_pick_bundle_needs_split","RAM-2018-0492","los-angeles-rams","brandin-cooks-and-2018-4th-round-pick-136th-overall-subsequently-traded-marquis","bundle risks: explanatory_or_contingent|transaction_verb_leak","Brandin Cooks and 2018 4th round pick (136th overall subsequently traded, Marquis Haynes)","Brandin Cooks","2018 4th round pick (136th overall subsequently traded, Marquis Haynes)","0","0","",""
"56","manual","DPP_manual_bundle_has_transaction_or_source_risks","D_player_plus_pick_bundle_needs_split","CLE-2018-0424","new-england-patriots","2019-5th-round-pick-170th-overall-austin-seibert-new-england-patriots-2018-424","bundle risks: explanatory_or_contingent|transaction_verb_leak","Josh Gordon and 2019 7th round pick (243rd overall subsequently traded, Nick Scott)","Josh Gordon","2019 7th round pick (243rd overall subsequently traded, Nick Scott)","0","0","",""
"57","manual","DPP_manual_bundle_has_transaction_or_source_risks","D_player_plus_pick_bundle_needs_split","PHI-2019-0407","new-england-patriots","eagles-2019-03-13-new-england-patriots-0407","bundle risks: explanatory_or_contingent|transaction_verb_leak","Michael Bennett and 2020 7th round pick (235th overall subsequently traded, Jashon Cornell)","Michael Bennett","2020 7th round pick (235th overall subsequently traded, Jashon Cornell)","0","0","",""
"58","manual","DPP_manual_bundle_has_transaction_or_source_risks","D_player_plus_pick_bundle_needs_split","BUF-2019-0312","cleveland-browns","2020-5th-round-pick-155th-overall-subsequently-traded-trevis-gipson-and-2020-6th","bundle risks: explanatory_or_contingent|transaction_verb_leak","Wyatt Teller and 2021 7th round pick (257th overall subsequently traded, Jermar Jefferson)","Wyatt Teller","2021 7th round pick (257th overall subsequently traded, Jermar Jefferson)","0","0","",""
"59","manual","DPP_manual_bundle_has_transaction_or_source_risks","D_player_plus_pick_bundle_needs_split","NE-2019-0406","new-england-patriots","jermaine-eluemunor-and-2020-6th-round-pick-207th-overall-subsequently-traded-isaiah-hodgin","bundle risks: explanatory_or_contingent|transaction_verb_leak","Jermaine Eluemunor and 2020 6th round pick (207th overall subsequently traded, Isaiah Hodgins)","Jermaine Eluemunor","2020 6th round pick (207th overall subsequently traded, Isaiah Hodgins)","0","0","",""
"60","manual","DPP_manual_bundle_has_transaction_or_source_risks","D_player_plus_pick_bundle_needs_split","CLE-2019-0432","detroit-lions","2022-7th-round-pick-223rd-overall-isaiah-thomas-detroit-lions-2019-432","bundle risks: explanatory_or_contingent|transaction_verb_leak","David Blough and 2022 7th round pick (234th overall subsequently traded, Jonathan Ford)","David Blough","2022 7th round pick (234th overall subsequently traded, Jonathan Ford)","0","0","",""
"61","manual","DPP_manual_bundle_has_transaction_or_source_risks","D_player_plus_pick_bundle_needs_split","MIA-2019-0284","miami-dolphins","evan-boehm-colts-2019","bundle risks: explanatory_or_contingent|transaction_verb_leak","Evan Boehm and 2020 7th round pick (227th overall subsequently traded, Lachavious Simmons)","Evan Boehm","2020 7th round pick (227th overall subsequently traded, Lachavious Simmons)","0","0","",""
"62","manual","DPP_manual_bundle_has_transaction_or_source_risks","D_player_plus_pick_bundle_needs_split","RAM-2019-0508","los-angeles-rams","kenny-young-and-2020-5th-round-pick-173rd-overall-subsequently-traded-darnell-mo","bundle risks: explanatory_or_contingent|transaction_verb_leak","Kenny Young and 2020 5th round pick (173rd overall subsequently traded, Darnell Mooney)","Kenny Young","2020 5th round pick (173rd overall subsequently traded, Darnell Mooney)","0","0","",""
"63","manual","DPP_manual_bundle_has_transaction_or_source_risks","D_player_plus_pick_bundle_needs_split","RAM-2019-0509","miami-dolphins","2022-7th-round-pick-238th-overall-subsequently-traded-thayer-munford-miami-dolph","bundle risks: explanatory_or_contingent|transaction_verb_leak","Aqib Talib and 2020 5th round pick (173rd overall subsequently traded, Darnell Mooney)","Aqib Talib","2020 5th round pick (173rd overall subsequently traded, Darnell Mooney)","0","0","",""
"64","manual","DPP_manual_bundle_has_transaction_or_source_risks","D_player_plus_pick_bundle_needs_split","RAM-2020-0510","houston-texans","2020-2nd-round-pick-57th-overall-van-jefferson-houston-texans-2020","bundle risks: explanatory_or_contingent|transaction_verb_leak","Brandin Cooks and 2022 4th round pick (137th overall subsequently traded, Bailey Zappe)","Brandin Cooks","2022 4th round pick (137th overall subsequently traded, Bailey Zappe)","0","0","",""
"65","manual","DPP_manual_bundle_has_transaction_or_source_risks","D_player_plus_pick_bundle_needs_split","SF-2020-0404","philadelphia-eagles","2020-6th-round-pick-190th-overall-charlie-woerner-philadelphia-eagles-2020","bundle risks: explanatory_or_contingent|transaction_verb_leak","Marquise Goodwin and 2021 7th round pick (240th overall subsequently traded, William Bradley-King)","Marquise Goodwin","2021 7th round pick (240th overall subsequently traded, William Bradley-King)","0","0","",""
"66","manual","DPP_manual_bundle_has_transaction_or_source_risks","D_player_plus_pick_bundle_needs_split","RAI-2020-0397","washington-commanders","2021-6th-round-pick-203rd-overall-subsequently-traded-football-team-2020","bundle risks: explanatory_or_contingent|transaction_verb_leak","David Sharpe and 2021 7th round pick (244th overall subsequently traded, Gerrid Doaks)","David Sharpe","2021 7th round pick (244th overall subsequently traded, Gerrid Doaks)","0","0","",""
"67","manual","DPP_manual_bundle_has_transaction_or_source_risks","D_player_plus_pick_bundle_needs_split","MIA-2020-0298","miami-dolphins","lynn-bowden-raiders-2020","bundle risks: explanatory_or_contingent|transaction_verb_leak","Lynn Bowden and 2021 6th round pick (203rd overall subsequently traded, Marquez Stevenson)","Lynn Bowden","2021 6th round pick (203rd overall subsequently traded, Marquez Stevenson)","0","0","",""
"68","manual","DPP_manual_bundle_has_transaction_or_source_risks","D_player_plus_pick_bundle_needs_split","JAX-2020-0080","jacksonville-jaguars","kamalei-correa-tennessee-titans-2020","bundle risks: explanatory_or_contingent|transaction_verb_leak","Kamalei Correa and 2021 7th round pick (249th overall subsequently traded, Ben Skowronek)","Kamalei Correa","2021 7th round pick (249th overall subsequently traded, Ben Skowronek)","0","0","",""
"69","manual","DPP_manual_bundle_has_transaction_or_source_risks","D_player_plus_pick_bundle_needs_split","SF-2020-0405","san-francisco-49ers","jordan-willis-new-york-jets-2020","bundle risks: explanatory_or_contingent|transaction_verb_leak","Jordan Willis and 2021 7th round pick (230th overall subsequently traded, Jimmy Morrissey)","Jordan Willis","2021 7th round pick (230th overall subsequently traded, Jimmy Morrissey)","0","0","",""
"70","manual","DPP_manual_bundle_has_transaction_or_source_risks","D_player_plus_pick_bundle_needs_split","RAI-2021-0399","new-england-patriots","2022-5th-round-pick-164th-overall-subsequently-traded-new-england-patriots-2021","bundle risks: explanatory_or_contingent|transaction_verb_leak","Trent Brown and 2022 7th round pick (243rd overall subsequently traded, Jaylen Watson)","Trent Brown","2022 7th round pick (243rd overall subsequently traded, Jaylen Watson)","0","0","",""
"71","manual","DPP_manual_bundle_has_transaction_or_source_risks","D_player_plus_pick_bundle_needs_split","CIN-2021-0145","houston-texans","2021-6th-round-pick-202nd-overall-chris-evans-houston-texans-2021","bundle risks: explanatory_or_contingent|transaction_verb_leak","Ryan Finley and 2021 7th round pick (233rd overall subsequently traded, Jake Funk)","Ryan Finley","2021 7th round pick (233rd overall subsequently traded, Jake Funk)","0","0","",""
"72","manual","DPP_manual_bundle_has_transaction_or_source_risks","D_player_plus_pick_bundle_needs_split","MIN-2021-0282","kansas-city-chiefs","2022-6th-round-pick-191st-overall-jalen-nailor-kansas-city-chiefs-2021","bundle risks: explanatory_or_contingent|transaction_verb_leak","Mike Hughes and 2022 7th round pick (233rd overall subsequently traded, Dareke Young)","Mike Hughes","2022 7th round pick (233rd overall subsequently traded, Dareke Young)","0","0","",""
"73","manual","DPP_manual_bundle_has_transaction_or_source_risks","D_player_plus_pick_bundle_needs_split","CHI-2021-0483","houston-texans","2022-5th-round-pick-148th-overall-subsequently-traded-khalil-shakir-ho","bundle risks: explanatory_or_contingent|transaction_verb_leak","Anthony Miller and 2022 7th round pick (228th overall subsequently traded, Tariq Carpenter)","Anthony Miller","2022 7th round pick (228th overall subsequently traded, Tariq Carpenter)","0","0","",""
"74","manual","DPP_manual_bundle_has_transaction_or_source_risks","D_player_plus_pick_bundle_needs_split","CAR-2021-0081","las-vegas-raiders","panthers-las-vegas-raiders-trade-2021-0081","bundle risks: explanatory_or_contingent|transaction_verb_leak","Denzel Perryman and 2022 7th round pick (227th overall subsequently traded, Nick Muse)","Denzel Perryman","2022 7th round pick (227th overall subsequently traded, Nick Muse)","0","0","",""
"75","manual","DPP_manual_bundle_has_transaction_or_source_risks","D_player_plus_pick_bundle_needs_split","IND-2021-0371","indianapolis-colts","matt-pryor-and-2022-7th-round-pick-240th-overall-subsequently-traded-christian-h","bundle risks: explanatory_or_contingent|transaction_verb_leak","Matt Pryor and 2022 7th round pick (240th overall subsequently traded, Christian Holmes)","Matt Pryor","2022 7th round pick (240th overall subsequently traded, Christian Holmes)","0","0","",""
"76","manual","DPP_manual_bundle_has_transaction_or_source_risks","D_player_plus_pick_bundle_needs_split","PHI-2021-0429","philadelphia-eagles","eagles-2021-10-15-arizona-st-louis-cardinals-0429","bundle risks: explanatory_or_contingent|transaction_verb_leak","Tay Gowan and 2022 5th round pick (166th overall subsequently traded, Tycen Anderson)","Tay Gowan","2022 5th round pick (166th overall subsequently traded, Tycen Anderson)","0","0","",""
"77","manual","DPP_manual_bundle_has_transaction_or_source_risks","D_player_plus_pick_bundle_needs_split","CLE-2022-0445","cleveland-browns","deshaun-watson-and-2024-6th-round-pick-203rd-overall-subsequently-traded-will-re","bundle risks: explanatory_or_contingent|transaction_verb_leak","Deshaun Watson and 2024 6th round pick (203rd overall subsequently traded, Will Reichard)","Deshaun Watson","2024 6th round pick (203rd overall subsequently traded, Will Reichard)","0","0","",""
"78","manual","DPP_manual_bundle_has_transaction_or_source_risks","D_player_plus_pick_bundle_needs_split","CAR-2022-0089","tennessee-titans","panthers-tennessee-titans-trade-2022-0089","bundle risks: explanatory_or_contingent|transaction_verb_leak","Dennis Daley and 2024 7th round pick (221st overall subsequently traded, Travis Clayton)","Dennis Daley","2024 7th round pick (221st overall subsequently traded, Travis Clayton)","0","0","",""
"79","manual","DPP_manual_not_exactly_one_parseable_current_bundle","D_player_plus_pick_bundle_needs_split","PIT-2022-0377","pittsburgh-steelers","william-jackson-iii-washington-redskins-commanders-2022","expected exactly one parseable current player+pick bundle, found 0","","","","0","0","",""
"80","manual","DPP_manual_bundle_has_transaction_or_source_risks","D_player_plus_pick_bundle_needs_split","DEN-2023-01-31-0382","denver-broncos","sean-payton-and-2024-3rd-round-pick-81st-overall-subsequently-traded-christian-haynes-new","bundle risks: explanatory_or_contingent|transaction_verb_leak","Sean Payton and 2024 3rd round pick (81st overall subsequently traded, Christian Haynes)","Sean Payton","2024 3rd round pick (81st overall subsequently traded, Christian Haynes)","0","0","",""
"81","manual","DPP_manual_not_exactly_one_parseable_current_bundle","D_player_plus_pick_bundle_needs_split","CAR-2023-0094","san-francisco-49ers","panthers-san-francisco-49ers-trade-2023-0094","expected exactly one parseable current player+pick bundle, found 0","","","","0","0","",""
"82","manual","DPP_manual_not_exactly_one_parseable_current_bundle","D_player_plus_pick_bundle_needs_split","NYJ-2023-0299","detroit-lions","a-conditional-2025-pick-6th-round-detroit-lions-2023","expected exactly one parseable current player+pick bundle, found 0","","","","0","0","",""
"83","manual","DPP_manual_bundle_has_transaction_or_source_risks","D_player_plus_pick_bundle_needs_split","ARI-2023-0337","houston-texans","cardinals-2023-08-24-houston-texans-2024-5th-round-pick-162nd-overall-christian-jones-josh-jone","bundle risks: explanatory_or_contingent|transaction_verb_leak","Josh Jones and 2024 7th round pick (224th overall subsequently traded, Daijahn Anthony)","Josh Jones","2024 7th round pick (224th overall subsequently traded, Daijahn Anthony)","0","0","",""
"84","manual","DPP_manual_bundle_has_transaction_or_source_risks","D_player_plus_pick_bundle_needs_split","CLE-2023-0455","arizona-cardinals","2024-5th-round-pick-156th-overall-jamari-thrash-arizona-st-louis-cardinals-2023","bundle risks: explanatory_or_contingent|transaction_verb_leak","Joshua Dobbs and 2024 7th round pick (230th overall subsequently traded, Michael Jurgens)","Joshua Dobbs","2024 7th round pick (230th overall subsequently traded, Michael Jurgens)","0","0","",""
"85","manual","DPP_manual_not_exactly_one_parseable_current_bundle","D_player_plus_pick_bundle_needs_split","MIN-2023-0301","minnesota-vikings","cam-akers-los-angeles-st-louis-rams-2023","expected exactly one parseable current player+pick bundle, found 0","","","","0","0","",""
"86","manual","DPP_manual_bundle_has_transaction_or_source_risks","D_player_plus_pick_bundle_needs_split","CHI-2023-0499","miami-dolphins","2025-6th-round-pick-192nd-overall-subsequently-traded-bryce-cabeldue-m","bundle risks: explanatory_or_contingent|transaction_verb_leak","Chase Claypool and 2025 7th round pick (224th overall subsequently traded, Kyonte Hamilton)","Chase Claypool","2025 7th round pick (224th overall subsequently traded, Kyonte Hamilton)","0","0","",""
"87","manual","DPP_manual_bundle_has_transaction_or_source_risks","D_player_plus_pick_bundle_needs_split","RAM-2023-0534","atlanta-falcons","2025-6th-round-pick-190th-overall-subsequently-traded-tim-smith-atlanta-falcons","bundle risks: explanatory_or_contingent|transaction_verb_leak","Van Jefferson and 2025 7th round pick (242nd overall subsequently traded, Konata Mumpfield)","Van Jefferson","2025 7th round pick (242nd overall subsequently traded, Konata Mumpfield)","0","0","",""
"88","manual","DPP_manual_bundle_has_transaction_or_source_risks","D_player_plus_pick_bundle_needs_split","KC-2023-0285","kansas-city-chiefs","mecole-hardman-and-2025-7th-round-pick-new-york-jets-2023","bundle risks: explanatory_or_contingent|transaction_verb_leak","Mecole Hardman and 2025 7th round pick (225th overall subsequently traded, Kitan Crawford)","Mecole Hardman","2025 7th round pick (225th overall subsequently traded, Kitan Crawford)","0","0","",""
"89","manual","DPP_manual_bundle_has_transaction_or_source_risks","D_player_plus_pick_bundle_needs_split","PIT-2024-0384","philadelphia-eagles","2024-3rd-round-pick-98th-overall-payton-wilson-2025-7th-round-pick-223rd-overall-subsequently-traded-damien-martinez-philadelphia-eagles-2024","bundle risks: explanatory_or_contingent|transaction_verb_leak","Kenny Pickett and 2024 4th round pick (120th overall subsequently traded, Jaylen Wright)","Kenny Pickett","2024 4th round pick (120th overall subsequently traded, Jaylen Wright)","0","0","",""
"90","manual","DPP_manual_bundle_has_transaction_or_source_risks","D_player_plus_pick_bundle_needs_split","RAM-2024-0536","houston-texans","2026-6th-round-pick-207th-overall-subsequently-traded-micah-morris-houston-texan","bundle risks: explanatory_or_contingent|transaction_verb_leak","Ben Skowronek and 2026 7th round pick (245th overall subsequently traded, Jam Miller)","Ben Skowronek","2026 7th round pick (245th overall subsequently traded, Jam Miller)","0","0","",""
"91","manual","DPP_manual_bundle_has_transaction_or_source_risks","D_player_plus_pick_bundle_needs_split","DAL-2024-0343","dallas-cowboys","jordan-phillips-and-2026-7th-round-pick-new-york-giants-2024","bundle risks: explanatory_or_contingent|transaction_verb_leak","Jordan Phillips and 2026 7th round pick (221st overall subsequently traded, Jack Endries)","Jordan Phillips","2026 7th round pick (221st overall subsequently traded, Jack Endries)","0","0","",""
"92","manual","DPP_manual_bundle_has_transaction_or_source_risks","D_player_plus_pick_bundle_needs_split","WAS-2024-0458","philadelphia-eagles","2025-3rd-round-pick-79th-overall-subsequently-traded-jaylin-noel-2025-7th-round-pick-236th","bundle risks: explanatory_or_contingent|transaction_verb_leak","Jahan Dotson and 2025 5th round pick (165th overall subsequently traded, Oronde Gadsden)","Jahan Dotson","2025 5th round pick (165th overall subsequently traded, Oronde Gadsden)","0","0","",""
"93","manual","DPP_manual_bundle_has_transaction_or_source_risks","D_player_plus_pick_bundle_needs_split","CLE-2024-0463","chicago-bears","2025-6th-round-pick-192nd-overall-subsequently-traded-bryce-cabeldue-chicago-bea","bundle risks: explanatory_or_contingent|transaction_verb_leak","Chris Williams and 2025 7th round pick (240th overall subsequently traded, Kaden Prather)","Chris Williams","2025 7th round pick (240th overall subsequently traded, Kaden Prather)","0","0","",""
"94","manual","DPP_manual_bundle_has_transaction_or_source_risks","D_player_plus_pick_bundle_needs_split","RAM-2024-0537","tennessee-titans","2026-5th-round-pick-144th-overall-subsequently-traded-sam-hecht-tennessee-titans","bundle risks: explanatory_or_contingent|transaction_verb_leak","Ernest Jones and 2026 6th round pick (207th overall subsequently traded, Micah Morris)","Ernest Jones","2026 6th round pick (207th overall subsequently traded, Micah Morris)","0","0","",""
"95","manual","DPP_manual_bundle_has_transaction_or_source_risks","D_player_plus_pick_bundle_needs_split","BUF-2024-0341","buffalo-bills","amari-cooper-and-2025-6th-round-pick-204th-overall-subsequently-traded-ajani-cor","bundle risks: explanatory_or_contingent|transaction_verb_leak","Amari Cooper and 2025 6th round pick (204th overall subsequently traded, Ajani Cornelius)","Amari Cooper","2025 6th round pick (204th overall subsequently traded, Ajani Cornelius)","0","0","",""
"96","manual","DPP_manual_bundle_has_transaction_or_source_risks","D_player_plus_pick_bundle_needs_split","MIN-2024-0308","minnesota-vikings","cam-akers-houston-texans-2024","bundle risks: explanatory_or_contingent|transaction_verb_leak","Cam Akers and 2026 7th round pick (244th overall subsequently traded, Cole Wisniewski)","Cam Akers","2026 7th round pick (244th overall subsequently traded, Cole Wisniewski)","0","0","",""
"97","manual","DPP_manual_bundle_has_transaction_or_source_risks","D_player_plus_pick_bundle_needs_split","CAR-2024-0104","baltimore-ravens","panthers-baltimore-ravens-trade-2024-0104","bundle risks: explanatory_or_contingent|transaction_verb_leak","Diontae Johnson and 2025 6th round pick (183rd overall subsequently traded, Marcus Harris)","Diontae Johnson","2025 6th round pick (183rd overall subsequently traded, Marcus Harris)","0","0","",""
"98","manual","DPP_manual_not_exactly_one_parseable_current_bundle","D_player_plus_pick_bundle_needs_split","MIN-2024-10-29-0316","minnesota-vikings","cam-robinson-jacksonville-jaguars-2024","expected exactly one parseable current player+pick bundle, found 0","","","","0","0","",""
"99","manual","DPP_manual_bundle_has_transaction_or_source_risks","D_player_plus_pick_bundle_needs_split","NO-2024-0337","washington-commanders","saints-2024-11-05-washington-commanders-2025-3rd-round-pick-93rd-overall-jonas-s","bundle risks: explanatory_or_contingent|transaction_verb_leak","Marshon Lattimore and 2025 5th round pick (147th overall subsequently traded, Jordan James)","Marshon Lattimore","2025 5th round pick (147th overall subsequently traded, Jordan James)","0","0","",""
"100","manual","DPP_manual_bundle_has_transaction_or_source_risks","D_player_plus_pick_bundle_needs_split","PHI-2025-0464","philadelphia-eagles","eagles-2025-03-11-houston-texans-0464","bundle risks: explanatory_or_contingent|transaction_verb_leak","Kenyon Green and 2026 5th round pick (167th overall subsequently traded, Jalon Kilgore)","Kenyon Green","2026 5th round pick (167th overall subsequently traded, Jalon Kilgore)","0","0","",""
"101","manual","DPP_manual_bundle_has_transaction_or_source_risks","D_player_plus_pick_bundle_needs_split","MIN-2025-03-18-0318","minnesota-vikings","jordan-mason-san-francisco-49ers-2025","bundle risks: explanatory_or_contingent|transaction_verb_leak","Jordan Mason and 2025 6th-round pick (#187 later traded, Jaylen Reed)","Jordan Mason","2025 6th-round pick (#187 later traded, Jaylen Reed)","0","0","",""
"102","manual","DPP_manual_not_exactly_one_parseable_current_bundle","D_player_plus_pick_bundle_needs_split","NYG-2025-0312","miami-dolphins","2026-6th-round-pick-192nd-overall-j-c-davis-miami-dolphins-2025","expected exactly one parseable current player+pick bundle, found 0","","","","0","0","",""
"103","manual","DPP_manual_bundle_has_transaction_or_source_risks","D_player_plus_pick_bundle_needs_split","PHI-2025-0471","philadelphia-eagles","eagles-2025-08-17-houston-texans-0471","bundle risks: explanatory_or_contingent|transaction_verb_leak","John Metchie and 2026 6th round pick (203rd overall subsequently traded, CJ Williams)","John Metchie","2026 6th round pick (203rd overall subsequently traded, CJ Williams)","0","0","",""
"104","manual","DPP_manual_bundle_has_transaction_or_source_risks","D_player_plus_pick_bundle_needs_split","CLE-2025-0470","new-york-jets","2026-6th-round-pick-182nd-overall-taylen-green-new-york-jets-2025-470","bundle risks: explanatory_or_contingent|transaction_verb_leak","Jowon Briggs and 2026 7th round pick (242nd overall subsequently traded, Deven Eastern)","Jowon Briggs","2026 7th round pick (242nd overall subsequently traded, Deven Eastern)","0","0","",""
"105","manual","DPP_manual_player_text_not_strict_name","D_player_plus_pick_bundle_needs_split","KC-2025-0298","san-francisco-49ers","a-2027-6th-round-pick-san-francisco-49ers-2025","player text risks: player_text_not_name_like","Skyy Moore and a 2027 7th round pick","Skyy Moore and a","2027 7th round pick","0","0","",""
"106","manual","DPP_manual_player_text_not_strict_name","D_player_plus_pick_bundle_needs_split","MIN-2025-08-20-0322","new-york-jets","draft-pick-trade-new-york-jets-2025","player text risks: player_text_not_name_like","Harrison Phillips and a 2027 7th round pick","Harrison Phillips and a","2027 7th round pick","0","0","",""
"107","manual","DPP_manual_bundle_has_transaction_or_source_risks","D_player_plus_pick_bundle_needs_split","MIN-2025-08-24-0323","philadelphia-eagles","draft-pick-trade-philadelphia-eagles-2025","bundle risks: explanatory_or_contingent|transaction_verb_leak","Sam Howell and 2026 6th round pick (211th overall subsequently traded, Ryan Eckley)","Sam Howell","2026 6th round pick (211th overall subsequently traded, Ryan Eckley)","0","0","",""
"108","manual","DPP_manual_not_exactly_one_parseable_current_bundle","D_player_plus_pick_bundle_needs_split","NYJ-2025-0318","kansas-city-chiefs","a-conditional-2027-pick-6th-round-kansas-city-chiefs-2025","expected exactly one parseable current player+pick bundle, found 0","","","","0","0","",""
"109","manual","DPP_manual_player_text_not_strict_name","D_player_plus_pick_bundle_needs_split","NO-2025-0341","new-orleans-saints","saints-2025-08-26-dallas-cowboys-asim-richards-and-a-2028-7th-round-pick","player text risks: player_text_not_name_like","Asim Richards and a 2028 7th round pick","Asim Richards and a","2028 7th round pick","0","0","",""
"110","manual","DPP_manual_bundle_has_transaction_or_source_risks","D_player_plus_pick_bundle_needs_split","NYJ-2025-0319","new-york-jets","jarvis-brownlee-and-2026-7th-round-pick-238th-overall-subsequently-traded-max-llewellyn-te","bundle risks: explanatory_or_contingent|transaction_verb_leak","Jarvis Brownlee and 2026 7th round pick (238th overall subsequently traded, Max Llewellyn)","Jarvis Brownlee","2026 7th round pick (238th overall subsequently traded, Max Llewellyn)","0","0","",""
"111","manual","DPP_manual_player_text_not_strict_name","D_player_plus_pick_bundle_needs_split","CLE-2025-0473","cleveland-browns","cam-robinson-and-a-2027-7th-round-pick-houston-texans-2025-473","player text risks: player_text_not_name_like","Cam Robinson and a 2027 7th round pick","Cam Robinson and a","2027 7th round pick","0","0","",""
"112","manual","DPP_manual_bundle_has_transaction_or_source_risks","D_player_plus_pick_bundle_needs_split","CLE-2025-0474","cincinnati-bengals","2026-5th-round-pick-149th-overall-justin-jefferson-bengals-2025-474","bundle risks: explanatory_or_contingent|transaction_verb_leak","Joe Flacco and 2026 6th round pick (199th overall subsequently traded, Emmanuel Henderson)","Joe Flacco","2026 6th round pick (199th overall subsequently traded, Emmanuel Henderson)","0","0","",""
"113","manual","DPP_manual_bundle_has_transaction_or_source_risks","D_player_plus_pick_bundle_needs_split","JAX-2025-0115","cleveland-browns","2026-6th-round-pick-182nd-overall-subsequently-traded-cleveland-browns-2025","bundle risks: explanatory_or_contingent|transaction_verb_leak","Tyson Campbell and 2026 7th round pick (239th overall subsequently traded, Tommy Doman)","Tyson Campbell","2026 7th round pick (239th overall subsequently traded, Tommy Doman)","0","0","",""
"114","manual","DPP_manual_not_exactly_one_parseable_current_bundle","D_player_plus_pick_bundle_needs_split","SF-2025-0429","san-francisco-49ers","keion-white-new-england-patriots-2025","expected exactly one parseable current player+pick bundle, found 0","","","","0","0","",""
"115","manual","DPP_manual_player_text_not_strict_name","D_player_plus_pick_bundle_needs_split","PHI-2025-0476","philadelphia-eagles","eagles-2025-10-29-new-york-jets-0476","player text risks: player_text_not_name_like","Michael Carter and a 2027 7th round pick","Michael Carter and a","2027 7th round pick","0","0","",""
"116","manual","DPP_manual_player_text_not_strict_name","D_player_plus_pick_bundle_needs_split","PHI-2025-0477","philadelphia-eagles","eagles-2025-11-01-baltimore-ravens-0477","player text risks: player_text_not_name_like","Jaire Alexander and a 2027 7th round pick","Jaire Alexander and a","2027 7th round pick","0","0","",""
"117","manual","DPP_manual_bundle_has_transaction_or_source_risks","D_player_plus_pick_bundle_needs_split","BUF-2026-0346","las-vegas-raiders","2026-6th-round-pick-182nd-overall-subsequently-traded-taylen-green-las-vegas-rai","bundle risks: explanatory_or_contingent|transaction_verb_leak","Taron Johnson and 2026 7th round pick (228th overall subsequently traded, VJ Payne)","Taron Johnson","2026 7th round pick (228th overall subsequently traded, VJ Payne)","0","0","",""
"118","manual","DPP_manual_player_text_not_strict_name","D_player_plus_pick_bundle_needs_split","NO-2026-0345","houston-texans","saints-2026-03-10-houston-texans-a-2028-6th-round-pick","player text risks: player_text_not_name_like","Kai Kroeger and a 2028 7th round pick","Kai Kroeger and a","2028 7th round pick","0","0","",""
"119","manual","DPP_manual_player_text_not_strict_name","D_player_plus_pick_bundle_needs_split","NE-2026-0464","houston-texans","a-2027-6th-round-pick-houston-texans-2026","player text risks: player_text_not_name_like","Marte Mapu and a 2027 7th round pick","Marte Mapu and a","2027 7th round pick","0","0","",""
