"ordinal","reviewClass","lane","sourceBucket","id","team","slug","reason","exactDuplicateRemovalCount","duplicateGroups","reportAssets","warnings","errors"
"1","manual","S5_manual_plain_special_asset_no_duplicate_action","B_probable_duplicate_pick_manual_patch","WAS-1966-0106","dallas-cowboys","undisclosed-consideration-dallas-cowboys-1966","plain special asset appears current but no duplicate action is available","0","","player matches=1 flags=none :: Jim Steffen || pick matches=1 flags=none :: 1967 fifth round pick (#119-Willie Parker (a)) || pick matches=1 flags=considerations :: future considerations (Jim Steffen, 1967 fifth round pick (#119-Willie Parker (a)) on 1966-08-30)","",""
"2","manual","S5_manual_transaction_or_sentence_context","B_probable_duplicate_pick_manual_patch","LAC-1975-0128","los-angeles-chargers","unspecified-consideration-chicago-bears-1975-lac-1975-0128","S5 report asset has transaction/source sentence context","0","","pick matches=1 flags=conditional|alternative_or_slash|transaction_verb_leak :: 1977 seventh round pick (or sixth round pick if not owed to Eagles in Mark Nordquist trade) unspecified pick || pick matches=1 flags=conditional|alternative_or_slash|transaction_verb_leak :: 1977 seventh round pick (or sixth round pick if not owed to Eagles in Mark Nordquist trade) (?-?)","",""
"3","manual","S5_manual_plain_special_asset_no_duplicate_action","B_probable_duplicate_pick_manual_patch","TB-1976-0003","indianapolis-colts","mike-washington-indianapolis-colts-1976","plain special asset appears current but no duplicate action is available","0","","pick matches=1 flags=cash :: 1976 third round pick (#90-Ron Lee) cash || pick matches=1 flags=none :: 1976 third round pick (#90-Ron Lee) || other matches=1 flags=cash :: cash","",""
"4","manual","S5_manual_conditional_or_alternative_asset","B_probable_duplicate_pick_manual_patch","LAC-1985-0245","los-angeles-chargers","unspecified-consideration-minnesota-vikings-1985","conditional/or/slash asset requires manual source interpretation","0","","pick matches=1 flags=conditional :: 1986 conditional sixth round pick (if Muncie remains with Vikings for the 1985 season) conditional pick not exercised || pick matches=1 flags=conditional :: 1986 conditional sixth round pick (if Muncie remains with Vikings for the 1985 season) (not exercised)","",""
"5","manual","S5_manual_conditional_or_alternative_asset","E_ptbnl_historical_bundle_review","ARI-1949-0023","arizona-cardinals","cardinals-1949-09-21-new-york-giants-1950-third-round-pick-player-to-be-named-later-ray-mallouf","conditional/or/slash asset requires manual source interpretation","0","","pick matches=1 flags=ptbnl|alternative_or_slash :: 1950 third round pick (not disclosed) / player to be named later (?)","",""
"6","manual","S5_manual_conditional_or_alternative_asset","E_ptbnl_historical_bundle_review","NYG-1967-0108","cleveland-browns","undisclosed-consideration-cleveland-browns-1967","conditional/or/slash asset requires manual source interpretation","0","","player matches=1 flags=considerations :: undisclosed consideration || pick matches=1 flags=ptbnl|alternative_or_slash :: player to be named later or draft pick (?-?) || pick matches=1 flags=alternative_or_slash :: 1968 sixth round pick (#152-Nathan James / Nat James)","",""
"7","manual","S5_manual_conditional_or_alternative_asset","F_considerations_bundle_review","NYJ-1965-0022","new-york-jets","1966-fourth-round-pick-29-jim-waskiewicz-new-england-patriots-1965","conditional/or/slash asset requires manual source interpretation","0","","pick matches=1 flags=none :: 1966 fourth round pick (#29-Jim Waskiewicz) || pick matches=1 flags=considerations|alternative_or_slash :: future considerations (Jim Colclough / Jimmy Colclough on 1965-12-20) || pick matches=1 flags=considerations :: future considerations (high draft pick (1966 #29-Jim Waskiewicz) on 1965-12-20)","",""
"8","manual","S5_manual_plain_special_asset_no_duplicate_action","F_considerations_bundle_review","WAS-1966-0103","dallas-cowboys","brig-owens-dallas-cowboys-1966","plain special asset appears current but no duplicate action is available","0","","pick matches=1 flags=none :: draft pick (undisclosed) || pick matches=1 flags=considerations :: future considerations (Jim Steffen, 1967 fifth round pick (#119-Willie Parker (a)) on 1966-08-30)","",""
"9","manual","S5_manual_conditional_or_alternative_asset","F_considerations_bundle_review","PIT-1977-0255","pittsburgh-steelers","future-considerations-draft-pick-undisclosed-overall-player-cleveland-browns-1977","conditional/or/slash asset requires manual source interpretation","0","","pick matches=1 flags=considerations|alternative_or_slash :: future considerations / draft pick (undisclosed overall/player)","",""
"10","manual","S5_manual_conditional_or_alternative_asset","F_considerations_bundle_review","MIN-1978-0130","minnesota-vikings","draft-pick-future-considerations-new-england-patriots-1978","conditional/or/slash asset requires manual source interpretation","0","","pick matches=1 flags=considerations|alternative_or_slash :: draft pick (?-?) / future considerations (?)","",""
"11","manual","S5_manual_conditional_or_alternative_asset","F_considerations_bundle_review","PHI-1979-0218","philadelphia-eagles","eagles-1979-03-07-las-vegas-oakland-raiders-0218","conditional/or/slash asset requires manual source interpretation","0","","pick matches=1 flags=considerations|alternative_or_slash :: undisclosed draft pick (?) / future considerations (?)","",""
"12","manual","S5_manual_conditional_or_alternative_asset","F_considerations_bundle_review","RAM-1983-0330","los-angeles-rams","future-considerations-1984-tenth-round-pick-253-norwood-vann-woody-vann-houston","conditional/or/slash asset requires manual source interpretation","0","","pick matches=1 flags=considerations|alternative_or_slash :: future considerations (1984 tenth round pick (#253-Norwood Vann / Woody Vann))","",""
"13","manual","S5_manual_plain_special_asset_no_duplicate_action","F_considerations_bundle_review","RAI-1999-0298","las-vegas-raiders","1999-6th-round-pick-188th-overall-green-bay-packers-1999","plain special asset appears current but no duplicate action is available","0","","pick matches=1 flags=considerations :: 1999 6th round pick (188th overall, Daren Yancey) (and past considerations)","",""
"14","manual","S5_manual_conditional_or_alternative_asset","G_cash_bundle_review","DAL-1962-0032","chicago-bears","clyde-brock-chicago-bears-1962","conditional/or/slash asset requires manual source interpretation","0","","pick matches=1 flags=cash|alternative_or_slash :: 1963 ""high"" draft pick (?-?) and/or $3,500 cash","",""
"15","manual","S5_manual_conditional_or_alternative_asset","G_cash_bundle_review","WAS-1964-0089","chicago-bears","tommy-neck-chicago-bears-1964","conditional/or/slash asset requires manual source interpretation","0","","pick matches=1 flags=cash|alternative_or_slash :: $1 cash / undisclosed draft pick (undisclosed)","",""
"16","manual","S5_manual_conditional_or_alternative_asset","G_cash_bundle_review","BUF-1964-0025","buffalo-bills","undisclosed-draft-pick-cash-las-vegas-raiders-1964","conditional/or/slash asset requires manual source interpretation","0","","pick matches=1 flags=cash|alternative_or_slash :: undisclosed draft pick (?-?) / cash","",""
"17","manual","S5_manual_conditional_or_alternative_asset","G_cash_bundle_review","KC-1964-0017","kansas-city-chiefs","1965-draft-pick-new-england-boston-patriots-1964","conditional/or/slash asset requires manual source interpretation","0","","pick matches=1 flags=cash|alternative_or_slash :: 1965 draft pick (?-?, cash) OR || pick matches=1 flags=none :: 1967 second round pick (#47-Jim Lynch) || other matches=1 flags=cash :: cash","",""
"18","manual","S5_manual_conditional_or_alternative_asset","G_cash_bundle_review","NYG-1967-0113","green-bay-packers","undisclosed-consideration-green-bay-packers-1967","conditional/or/slash asset requires manual source interpretation","0","","player matches=1 flags=considerations :: undisclosed consideration || pick matches=1 flags=cash|alternative_or_slash :: 1968 tenth round pick (#260-Richard Cash / Rich Cash / Rick Cash / Dick Cash)","",""
"19","manual","S5_manual_conditional_or_alternative_asset","G_cash_bundle_review","CIN-1981-0089","new-england-patriots","mel-lunsford-new-england-patriots-1981","conditional/or/slash asset requires manual source interpretation","0","","pick matches=1 flags=cash|conditional|alternative_or_slash :: cash / conditional draft pick (if Lundford makes Bengals roster) (not exercised)","",""
"20","manual","S5_manual_conditional_or_alternative_asset","H_or_alternative_source_conflict","RAM-1961-0091","los-angeles-rams","lindon-crow-either-a-high-draft-pick-or-a-player-to-be-named-before-the-1961-sea","conditional/or/slash asset requires manual source interpretation","0","","player matches=1 flags=none :: Lindon Crow || pick matches=1 flags=alternative_or_slash :: either a high draft pick or a player to be named before the 1961 season begins (from Bears) (Zeke Bratkowski on 1961-03-14) || pick matches=1 flags=none :: 1962 first round pick (from Giants) (#13-Jerry Hillebrand) || pick matches=1 flags=none :: 1962 sixth round pick (from Giants) (?-?)","",""
"21","manual","S5_manual_conditional_or_alternative_asset","H_or_alternative_source_conflict","WAS-1972-0174","pittsburgh-steelers","ocie-austin-pittsburgh-steelers-1972","conditional/or/slash asset requires manual source interpretation","0","","pick matches=1 flags=conditional|alternative_or_slash :: 1973 conditional pick (if either Austin or Lanier makes Redskins roster) (not exercised)","",""
"22","manual","S5_manual_conditional_or_alternative_asset","H_or_alternative_source_conflict","PIT-1973-0222","pittsburgh-steelers","1974-seventh-or-eighth-round-pick-conditional-on-adams-playing-time-165-allen-sitterle-al-sitterle-new-england-boston-patriots-1973","conditional/or/slash asset requires manual source interpretation","0","","pick matches=1 flags=conditional|alternative_or_slash :: 1974 seventh or eighth round pick (conditional on Adams' playing time) (#165-Allen Sitterle / Al Sitterle)","",""
"23","manual","S5_manual_transaction_or_sentence_context","H_or_alternative_source_conflict","MIN-1985-0153","tennessee-titans","1985-second-round-pick-30-issiac-holt-houston-oilers-tennessee-titans-1985","S5 report asset has transaction/source sentence context","0","","pick matches=1 flags=alternative_or_slash|transaction_verb_leak :: Vikings agreed to not draft Ray Childress with the 1985 #2 overall pick or to trade the pick to a team that would draft Childress with that pick","",""
"24","manual","S5_manual_conditional_or_alternative_asset","H_or_alternative_source_conflict","CIN-1986-0104","cincinnati-bengals","conditional-eleventh-or-twelfth-round-pick-if-collins-makes-packers-ro","conditional/or/slash asset requires manual source interpretation","0","","pick matches=1 flags=conditional|alternative_or_slash :: conditional eleventh or twelfth round pick (if Collins makes Packers roster) (not exercised)","",""
"25","manual","S5_manual_conditional_or_alternative_asset","H_or_alternative_source_conflict","ATL-1988-0180","las-vegas-raiders","jessie-hester-lee-las-vegas-raiders-1988","conditional/or/slash asset requires manual source interpretation","0","","pick matches=1 flags=alternative_or_slash :: 1989 fourth or fifth round pick (#119-Willis Crockett)","",""
"26","manual","S5_manual_conditional_or_alternative_asset","H_or_alternative_source_conflict","SF-1991-0268","green-bay-packers","tim-harris-david-green-bay-packers-1991","conditional/or/slash asset requires manual source interpretation","0","","pick matches=1 flags=none :: 1992 second round pick (#45-Amp Lee) || pick matches=1 flags=alternative_or_slash :: 1993 second or third round pick (#54-Darrin Smith)","",""
"27","manual","S5_manual_conditional_or_alternative_asset","H_or_alternative_source_conflict","RAI-1992-0264","dallas-cowboys","alexander-wright-dallas-cowboys-1992","conditional/or/slash asset requires manual source interpretation","0","","pick matches=1 flags=conditional|alternative_or_slash :: 1993 conditional pick (third or fourth round depending on Wright's playing time) (#96-Ron Stone)","",""
"28","manual","S5_manual_conditional_or_alternative_asset","H_or_alternative_source_conflict","PIT-1993-0306","pittsburgh-steelers","1994-conditional-fourth-or-fifth-round-pick-dependent-on-worley-s-performance-140-myron-bell-corey-chicago-bears-1993","conditional/or/slash asset requires manual source interpretation","0","","pick matches=1 flags=conditional|alternative_or_slash :: 1994 conditional fourth or fifth round pick (dependent on Worley's performance) (#140-Myron Bell (Corey)) || pick matches=1 flags=conditional|alternative_or_slash :: 1995 conditional sixth or seventh round pick (dependent on Worley's performance) (not exercised","",""
"29","manual","S5_manual_transaction_or_sentence_context","H_or_alternative_source_conflict","PHI-2024-0453","philadelphia-eagles","eagles-2024-03-29-new-york-jets-0453","S5 report asset has transaction/source sentence context","0","","pick matches=1 flags=conditional|alternative_or_slash|transaction_verb_leak :: 2026 3rd round pick (68th overall, Markel Bell) (would have converted to 2nd round if Reddick played 67.5% of snaps and recorded 10+ sacks OR if subsequently traded to a NFC team)","",""
"30","manual","S5_manual_transaction_or_sentence_context","H_or_alternative_source_conflict","RAI-2024-0424","las-vegas-raiders","2025-3rd-round-pick-92nd-overall-subsequently-traded-new-york-jets-2024","S5 report asset has transaction/source sentence context","0","","pick matches=1 flags=conditional|alternative_or_slash|transaction_verb_leak :: 2025 3rd round pick (92nd overall subsequently traded, Jalen Milroe) (would have converted to 2nd round if Adams is named to All-Pro team OR if on roster for AFC Championship or Super Bowl)","",""
"31","manual","S5_manual_conditional_or_alternative_asset","I_other_asset_structure_review","BUF-1971-0078","cleveland-browns","rick-stevenson-ricky-stevenson-richey-stevenson-cleveland-browns-1971","conditional/or/slash asset requires manual source interpretation","0","","pick matches=1 flags=conditional :: conditional tenth round pick (if Stevenson makes Bills roster) (not exercised)","",""
"32","manual","S5_manual_conditional_or_alternative_asset","I_other_asset_structure_review","IND-1973-0151","san-francisco-49ers","elmer-collett-san-francisco-49ers-1973","conditional/or/slash asset requires manual source interpretation","0","","pick matches=1 flags=none :: 1975 third round pick (#53-Mike Washington) || pick matches=1 flags=conditional :: conditional pick (1976 fifth?) (if Collett plays more than half the games in 1973 (?-?)","",""
"33","manual","S5_manual_conditional_or_alternative_asset","I_other_asset_structure_review","CIN-1977-0077","cincinnati-bengals","undisclosed-conditional-pick-if-fritts-makes-saints-roster-not-exercis","conditional/or/slash asset requires manual source interpretation","0","","pick matches=1 flags=conditional :: undisclosed conditional pick (if Fritts makes Saints roster) (not exercised)","",""
"34","manual","S5_manual_conditional_or_alternative_asset","I_other_asset_structure_review","CIN-1978-0080","cincinnati-bengals","undisclosed-conditional-pick-if-pritchard-makes-raiders-roster-not-exe","conditional/or/slash asset requires manual source interpretation","0","","pick matches=1 flags=conditional :: undisclosed conditional pick (if Pritchard makes Raiders roster) (not exercised)","",""
"35","manual","S5_manual_conditional_or_alternative_asset","I_other_asset_structure_review","NO-1979-0179","arizona-cardinals","saints-1979-04-02-arizona-cardinals-st-louis-cardinals-roger-finnie","conditional/or/slash asset requires manual source interpretation","0","","pick matches=1 flags=none :: 1979 undisclosed pick || pick matches=1 flags=conditional :: 1980 conditional pick (conditional on Finnie's playing time with Saints) (-) || pick matches=1 flags=none :: 1979 draft pick (not disclosed)","",""
"36","manual","S5_manual_conditional_or_alternative_asset","I_other_asset_structure_review","DET-1981-0237","detroit-lions","1982-conditional-pick-twelfth-round-per-lions-media-guide-probably-if-spivey-mak","conditional/or/slash asset requires manual source interpretation","0","","pick matches=1 flags=conditional :: 1982 conditional pick (twelfth round per Lions media guide) (probably if Spivey makes Redskins roster) (not exercised?)","",""
"37","manual","S5_manual_other_special_hold_no_action","I_other_asset_structure_review","LAC-1981-0203","los-angeles-chargers","unspecified-consideration-green-bay-packers-1981","special hold has no strict duplicate action","0","","player matches=1 flags=none :: Aundra Thompson || pick matches=1 flags=special_rights_compensation :: Chargers option to swap 1982 first round picks with Packers (#13-Lindsay Scott) || pick matches=1 flags=none :: 1983 first round pick (#20-Gary Anderson (Allan)) || pick matches=1 flags=none :: 1982 second round pick (#40-Robert Weathers) || pick matches=1 flags=none :: 1984 second round pick (#39-Glenn Dennison)","",""
"38","manual","S5_manual_other_special_hold_no_action","I_other_asset_structure_review","LAC-1981-0203","green-bay-packers","unspecified-consideration-green-bay-packers-1981","special hold has no strict duplicate action","0","","player matches=1 flags=none :: John Jefferson || pick matches=1 flags=special_rights_compensation :: Chargers option to swap 1982 first round picks with Packers (#22-Ron Hallstrom)","",""
"39","manual","S5_manual_other_special_hold_no_action","I_other_asset_structure_review","SF-1981-0196","san-francisco-49ers","fred-dean-rudolph-los-angeles-san-diego-chargers-1981","special hold has no strict duplicate action","0","","player matches=1 flags=none :: Fred Dean (Rudolph) || pick matches=1 flags=special_rights_compensation :: Chargers option to swap 1983 first round picks with 49ers (#22-Gill Byrd)","",""
"40","manual","S5_manual_other_special_hold_no_action","I_other_asset_structure_review","SF-1981-0196","los-angeles-chargers","fred-dean-rudolph-los-angeles-san-diego-chargers-1981","special hold has no strict duplicate action","0","","pick matches=1 flags=special_rights_compensation :: Chargers option to swap 1983 first round picks with 49ers (#5-Billy Ray Smith Jr.) || pick matches=1 flags=none :: 1983 second round pick (#36-Mike Wilcher)","",""
"41","manual","S5_manual_conditional_or_alternative_asset","I_other_asset_structure_review","RAM-1984-0343","cincinnati-bengals","jeff-christensen-cincinnati-bengals-1984","conditional/or/slash asset requires manual source interpretation","0","","pick matches=1 flags=conditional :: undisclosed conditional pick (if Christensen makes Rams roster) (not exercised)","",""
"42","manual","S5_manual_conditional_or_alternative_asset","I_other_asset_structure_review","MIA-1985-0125","cincinnati-bengals","bryan-clark-bengals-1985","conditional/or/slash asset requires manual source interpretation","0","","pick matches=1 flags=conditional :: 1986 conditional pick (if Clark makes Dolphins roster) (not exercised)","",""
"43","manual","S5_manual_conditional_or_alternative_asset","I_other_asset_structure_review","IND-1989-0276","los-angeles-chargers","chip-banks-los-angeles-san-diego-chargers-1989","conditional/or/slash asset requires manual source interpretation","0","","pick matches=1 flags=conditional :: conditional draft pick(s) (conditional on Banks performance and his remaining drug-free) (1990 third round pick (#67-Walter Wilson (James)))","",""
"44","manual","S5_manual_conditional_or_alternative_asset","I_other_asset_structure_review","LAC-1990-0291","los-angeles-chargers","unspecified-consideration-tampa-bay-buccaneers-1990","conditional/or/slash asset requires manual source interpretation","0","","pick matches=1 flags=none :: 1990 third round pick (#57-Jeff Mills) || pick matches=1 flags=conditional :: 1991 conditional second round pick (if Anderson re-signs with Buccaneers) (#39-Eric Bieniemy)","",""
"45","manual","S5_manual_conditional_or_alternative_asset","I_other_asset_structure_review","BAL-2025-0113","tennessee-titans","dre-mont-jones-tennessee-titans-2025","conditional/or/slash asset requires manual source interpretation","0","","pick matches=1 flags=conditional :: 2026 5th round pick (142nd overall, Fernando Carmona) (would have converted to 4th round if Jones recorded 2 sacks and Ravens made playoffs)","",""
