"ordinal","reviewClass","lane","sourceBucket","id","team","slug","reason","removeBundleTexts","keepStandaloneTexts","warnings","errors"
"1","manual","S1_manual_not_enough_clean_single_pick_assets","B_probable_duplicate_pick_manual_patch","IND-1974-0170","new-orleans-saints","tom-drougas-new-orleans-saints-1974","expected at least two clean single pick assets, found 1","","","",""
"2","manual","S1_manual_not_enough_clean_single_pick_assets","B_probable_duplicate_pick_manual_patch","SF-1995-0288","san-francisco-49ers","1995-1st-round-pick-10th-overall-j-j-stokes-traded-1996-1st-round-p-cleveland-browns-1995","expected at least two clean single pick assets, found 1","","","",""
"3","manual","S1_manual_not_enough_clean_single_pick_assets","B_probable_duplicate_pick_manual_patch","TB-1995-0155","tampa-bay-buccaneers","1995-1st-round-pick-12th-overall-philadelphia-eagles-1995","expected at least two clean single pick assets, found 0","","","",""
"4","candidate_warning","S1B_warning_bundle_has_risk_flags","B_probable_duplicate_pick_manual_patch","PIT-1998-0316","atlanta-falcons","1998-5th-round-pick-137th-overall-jason-simmons-atlanta-falcons-1998","bundle has risks: explanatory_or_contingent","1998 7th round pick (199th overall, Ephraim Salaam), 1998 7th round pick (203rd overall, Henry Slay) and 1998 7th round pick (215th overall subsequently traded, Ryan Thelwell)","1998 7th round pick (199th overall, Ephraim Salaam) || 1998 7th round pick (203rd overall, Henry Slay)","",""
"5","manual","S1_manual_not_enough_clean_single_pick_assets","B_probable_duplicate_pick_manual_patch","SEA-1999-04-17-0103","seattle-seahawks","1999-1st-round-pick-20th-overall-subsequently-tra-new-england-patriots-1999","expected at least two clean single pick assets, found 1","","","",""
"6","manual","S1_manual_not_exactly_one_bundle","B_probable_duplicate_pick_manual_patch","ATL-2001-0227","los-angeles-chargers","2001-1st-round-pick-1st-overall-los-angeles-chargers-2001","expected exactly one bundle candidate, found 2","","","",""
"7","candidate_warning","S1B_warning_bundle_has_risk_flags","B_probable_duplicate_pick_manual_patch","ATL-2004-0237","indianapolis-colts","2004-1st-round-pick-29th-overall-indianapolis-colts-2004","bundle has risks: explanatory_or_contingent","2004 2nd round pick (38th overall subsequently traded, Ricardo Colclough), 2004 3rd round pick (69th overall, Gilbert Gardner) and 2004 4th round pick (125th overall, Jason David)","2004 3rd round pick (69th overall, Gilbert Gardner) || 2004 4th round pick (125th overall, Jason David)","",""
"8","candidate_warning","S1B_warning_bundle_has_risk_flags","B_probable_duplicate_pick_manual_patch","SEA-2005-04-23-0125","carolina-panthers","2005-2nd-round-pick-45th-overall-lofa-tatupu-carolina-panthers-2005","bundle has risks: explanatory_or_contingent","2005 2nd round pick (54th overall, Eric Shelton), 2005 4th round pick (121st overall, Stefan Lefors) and 2005 4th round pick (126th overall subsequently traded, Todd Herremans)","2005 2nd round pick (54th overall, Eric Shelton) || 2005 4th round pick (121st overall, Stefan Lefors)","",""
"9","candidate_warning","S1B_warning_bundle_has_risk_flags","B_probable_duplicate_pick_manual_patch","ATL-2006-0243","green-bay-packers","2006-2nd-round-pick-37th-overall-green-bay-packers-2006","bundle has risks: explanatory_or_contingent","2006 2nd round pick (47th overall, Daryn Colledge), 2006 3rd round pick (93rd overall subsequently traded, Dominique Byrd) and 2006 5th round pick (148th overall, Ingle Martin)","2006 2nd round pick (47th overall, Daryn Colledge) || 2006 5th round pick (148th overall, Ingle Martin)","",""
"10","candidate_warning","S1B_warning_bundle_has_risk_flags","B_probable_duplicate_pick_manual_patch","JAX-2007-0034","atlanta-falcons","2007-5th-round-pick-149th-overall-atlanta-falcons-2007","bundle has risks: explanatory_or_contingent","2007 6th round pick (195th overall subsequently traded, Deon Anderson), 2007 6th round pick (198th overall, Doug Datish), 2007 6th round pick (203rd overall, Daren Stone)","2007 6th round pick (198th overall, Doug Datish) || 2007 6th round pick (203rd overall, Daren Stone)","",""
"11","candidate_warning","S1E_warning_bundle_contains_extra_text","B_probable_duplicate_pick_manual_patch","SEA-2008-04-26-0136","seattle-seahawks","2008-1st-round-pick-28th-overall-lawrence-jackso-dallas-cowboys-2008","bundle contains all singles in order but is not exact compact join","2008 1st round pick (28th overall, Lawrence Jackson), 2008 5th round pick (163rd overall, Owen Schmitt) and 2008 7th round pick (235th overall, Brandon Coutu)","2008 1st round pick (28th overall, Lawrence Jackson) || 2008 5th round pick (163rd overall, Owen Schmitt) || 2008 7th round pick (235th overall, Brandon Coutu)","",""
"12","manual","S1_manual_not_enough_clean_single_pick_assets","B_probable_duplicate_pick_manual_patch","WAS-2008-0395","washington-commanders","an-undisclosed-2008-draft-pick-2008-2nd-round-pick-34th-overall-devin-thomas-and-2008-4th","expected at least two clean single pick assets, found 0","","","",""
"13","candidate_warning","S1E_warning_bundle_contains_extra_text","B_probable_duplicate_pick_manual_patch","WAS-2008-0395","atlanta-falcons","an-undisclosed-2008-draft-pick-2008-2nd-round-pick-34th-overall-devin-thomas-and-2008-4th","bundle contains all singles in order but is not exact compact join","2008 1st round pick (21st overall, Sam Baker), 2008 3rd round pick (84th overall, Harry Douglas) and 2008 5th round pick (154th overall, Kroy Biermann)","2008 1st round pick (21st overall, Sam Baker) || 2008 3rd round pick (84th overall, Harry Douglas) || 2008 5th round pick (154th overall, Kroy Biermann)","",""
"14","manual","S1_manual_not_enough_clean_single_pick_assets","B_probable_duplicate_pick_manual_patch","SEA-2009-04-26-0142","philadelphia-eagles","2009-3rd-round-pick-91st-overall-deon-butler-philadelphia-eagles-2009","expected at least two clean single pick assets, found 1","","","",""
"15","candidate_warning","S1B_warning_bundle_has_risk_flags","B_probable_duplicate_pick_manual_patch","ATL-2011-0259","cleveland-browns","2011-1st-round-pick-6th-overall-cleveland-browns-2011","bundle has risks: explanatory_or_contingent","2011 1st round pick (26th overall subsequently traded, Jonathan Baldwin), 2011 2nd round pick (59th overall, Greg Little), 2011 4th round pick (118th overall subsequently traded, Jalil Brown), 2011 4th round pick (124th overall, Owen Marecic) and 2012 1st round pick (22nd overall, Brandon Weeden)","2011 2nd round pick (59th overall, Greg Little) || 2011 4th round pick (124th overall, Owen Marecic) || 2012 1st round pick (22nd overall, Brandon Weeden)","",""
"16","candidate_warning","S1E_warning_bundle_contains_extra_text","B_probable_duplicate_pick_manual_patch","SEA-2011-04-29-0156","seattle-seahawks","2011-3rd-round-pick-75th-overall-john-moffitt-detroit-lions-2011","bundle contains all singles in order but is not exact compact join","2011 3rd round pick (75th overall, John Moffitt), 2011 4th round pick (107th overall, Kris Durham), 2011 5th round pick (154th overall, Richard Sherman) and 2011 7th round pick (205th overall, Pep Levingston)","2011 3rd round pick (75th overall, John Moffitt) || 2011 4th round pick (107th overall, Kris Durham) || 2011 5th round pick (154th overall, Richard Sherman) || 2011 7th round pick (205th overall, Pep Levingston)","",""
"17","candidate_warning","S1E_warning_bundle_contains_extra_text","B_probable_duplicate_pick_manual_patch","SEA-2011-04-29-0156","detroit-lions","2011-3rd-round-pick-75th-overall-john-moffitt-detroit-lions-2011","bundle contains all singles in order but is not exact compact join","2011 2nd round pick (57th overall, Mikel Leshoure), 2011 5th round pick (157th overall, Doug Hogue) and 2011 7th round pick (209th overall, Johnny Culbreath)","2011 2nd round pick (57th overall, Mikel Leshoure) || 2011 5th round pick (157th overall, Doug Hogue) || 2011 7th round pick (209th overall, Johnny Culbreath)","",""
"18","candidate_warning","S1E_warning_bundle_contains_extra_text","B_probable_duplicate_pick_manual_patch","SEA-2012-04-26-0159","seattle-seahawks","2012-1st-round-pick-15th-overall-bruce-irvin-2-philadelphia-eagles-2012","bundle contains all singles in order but is not exact compact join","2012 1st round pick (15th overall, Bruce Irvin), 2012 4th round pick (114th overall, Jaye Howard) and 2012 6th round pick (172nd overall, Jeremy Lane)","2012 1st round pick (15th overall, Bruce Irvin) || 2012 4th round pick (114th overall, Jaye Howard) || 2012 6th round pick (172nd overall, Jeremy Lane)","",""
"19","candidate_warning","S1E_warning_bundle_contains_extra_text","B_probable_duplicate_pick_manual_patch","SEA-2012-04-27-0160","seattle-seahawks","2012-2nd-round-pick-47th-overall-bobby-wagner-new-york-jets-2012","bundle contains all singles in order but is not exact compact join","2012 2nd round pick (47th overall, Bobby Wagner), 2012 5th round pick (154th overall, Korey Toomer) and 2012 7th round pick (232nd overall, Greg Scruggs)","2012 2nd round pick (47th overall, Bobby Wagner) || 2012 5th round pick (154th overall, Korey Toomer) || 2012 7th round pick (232nd overall, Greg Scruggs)","",""
"20","candidate_warning","S1E_warning_bundle_contains_extra_text","B_probable_duplicate_pick_manual_patch","MIN-2013-0235","minnesota-vikings","2013-1st-round-pick-25th-overall-xavier-rhodes-2013-7th-round-pick-214th-overall","bundle contains all singles in order but is not exact compact join","2013 1st round pick (25th overall, Xavier Rhodes), 2013 7th round pick (214th overall, Travis Bond) and 2014 3rd round pick (96th overall, Jerick McKinnon)","2013 1st round pick (25th overall, Xavier Rhodes) || 2013 7th round pick (214th overall, Travis Bond) || 2014 3rd round pick (96th overall, Jerick McKinnon)","",""
"21","candidate_warning","S1E_warning_bundle_contains_extra_text","B_probable_duplicate_pick_manual_patch","ATL-2017-0271","atlanta-falcons","2017-3rd-round-pick-75th-overall-buffalo-bills-2017","bundle contains all singles in order but is not exact compact join","2017 3rd round pick (75th overall, Duke Riley), 2017 5th round pick (149th overall, Damontae Kazee) and 2017 5th round pick (156th overall, Brian Hill)","2017 3rd round pick (75th overall, Duke Riley) || 2017 5th round pick (149th overall, Damontae Kazee) || 2017 5th round pick (156th overall, Brian Hill)","",""
"22","candidate_warning","S1B_warning_bundle_has_risk_flags","B_probable_duplicate_pick_manual_patch","BUF-2018-0304","tampa-bay-buccaneers","2018-1st-round-pick-7th-overall-josh-allen-tampa-bay-buccaneers-2018","bundle has risks: explanatory_or_contingent","2018 1st round pick (12th overall, Vita Vea), 2018 2nd round pick (53rd overall, M.J. Stewart) and 2018 2nd round pick (56th overall subsequently traded, Duke Dawson)","2018 1st round pick (#12-Vita Vea) || 2018 2nd round pick (#53-Ronald Jones)","",""
"23","candidate_warning","S1B_warning_bundle_has_risk_flags","B_probable_duplicate_pick_manual_patch","SEA-2018-04-26-0195","seattle-seahawks","2018-1st-round-pick-27th-overall-rashaad-penny-green-bay-packers-2018","bundle has risks: explanatory_or_contingent","2018 1st round pick (27th overall, Rashaad Penny), 2018 3rd round pick (76th overall subsequently traded, Mason Rudolph) and 2018 6th round pick (186th overall, Jacob Martin)","2018 1st round pick (27th overall, Rashaad Penny) || 2018 6th round pick (186th overall, Jacob Martin)","",""
"24","manual","S1_manual_not_exactly_one_bundle","B_probable_duplicate_pick_manual_patch","SEA-2020-07-25-0217","new-york-jets","jamal-adams-new-york-jets-2020","expected exactly one bundle candidate, found 2","","","",""
"25","manual","S1_manual_not_exactly_one_bundle","B_probable_duplicate_pick_manual_patch","SEA-2022-03-08-0225","seattle-seahawks","drew-lock-shelby-harris-noah-fant-2022-1st-roun-denver-broncos-2022","expected exactly one bundle candidate, found 2","","","",""
"26","manual","S1_manual_not_enough_clean_single_pick_assets","B_probable_duplicate_pick_manual_patch","SEA-2024-03-14-0230","seattle-seahawks","sam-howell-2024-4th-round-pick-102nd-overall-sub-washington-commanders-2024","expected at least two clean single pick assets, found 1","","","",""
"27","candidate_warning","S1E_warning_bundle_contains_extra_text","B_probable_duplicate_pick_manual_patch","SEA-2024-04-27-0231","seattle-seahawks","2024-4th-round-pick-121st-overall-aj-barner-20-denver-broncos-2024","bundle contains all singles in order but is not exact compact join","2024 4th round pick (121st overall, AJ Barner), 2024 5th round pick (136th overall, Nehemiah Pritchett) and 2024 6th round pick (207th overall, Michael Jerrell)","2024 4th round pick (121st overall, AJ Barner) || 2024 5th round pick (136th overall, Nehemiah Pritchett) || 2024 6th round pick (207th overall, Michael Jerrell)","",""
"28","manual","S1_manual_not_enough_clean_single_pick_assets","B_probable_duplicate_pick_manual_patch","JAX-2025-0110","houston-texans","2025-3rd-round-pick-89th-overall-houston-texans-2025","expected at least two clean single pick assets, found 0","","","",""
"29","candidate_warning","S1E_warning_bundle_contains_extra_text","B_probable_duplicate_pick_manual_patch","PIT-2025-0390","pittsburgh-steelers","2026-3rd-round-pick-76th-overall-drew-allar-dallas-cowboys-2025","bundle contains all singles in order but is not exact compact join","2026 3rd round pick (76th overall, Drew Allar) and a 2027 5th round pick","2026 3rd round pick (76th overall, Drew Allar) || 2027 5th round pick","",""
"30","manual","S1_manual_not_enough_clean_single_pick_assets","B_probable_duplicate_pick_manual_patch","ATL-2026-0304","atlanta-falcons","sydney-brown-philadelphia-eagles-2026","expected at least two clean single pick assets, found 1","","","",""
"31","manual","S1_manual_not_enough_clean_single_pick_assets","C_multi_pick_bundle_needs_split","SF-1953-0010","cleveland-browns","bob-van-doren-cleveland-browns-1953","expected at least two clean single pick assets, found 0","","","",""
"32","manual","S1_manual_not_enough_clean_single_pick_assets","C_multi_pick_bundle_needs_split","SF-1953-0011","cleveland-browns","fred-bruney-cleveland-browns-1953","expected at least two clean single pick assets, found 0","","","",""
"33","manual","S1_manual_not_enough_clean_single_pick_assets","C_multi_pick_bundle_needs_split","IND-1959-0035","indianapolis-colts","1960-ninth-round-pick-106-don-perkins-anthony-awarded-1962-ninth-round-pick-116","expected at least two clean single pick assets, found 0","","","",""
"34","manual","S1_manual_not_enough_clean_single_pick_assets","C_multi_pick_bundle_needs_split","WAS-1971-0171","new-york-giants","clifton-mcneil-new-york-giants-1971","expected at least two clean single pick assets, found 0","","","",""
"35","manual","S1_manual_not_enough_clean_single_pick_assets","C_multi_pick_bundle_needs_split","WAS-1973-0190","tennessee-titans","alvin-reed-houston-oilers-tennessee-titans-1973","expected at least two clean single pick assets, found 0","","","",""
"36","manual","S1_manual_not_enough_clean_single_pick_assets","C_multi_pick_bundle_needs_split","NYJ-1994-0154","new-york-jets","ronald-moore-1995-1st-round-pick-16th-overall-hugh-douglas-and-1995-4th-round-pick-106th-o","expected at least two clean single pick assets, found 0","","","",""
"37","manual","S1_manual_not_enough_clean_single_pick_assets","C_multi_pick_bundle_needs_split","MIA-1994-0152","arizona-cardinals","1994-2nd-round-pick-65th-overall-cardinals-1994","expected at least two clean single pick assets, found 0","","","",""
"38","manual","S1_manual_not_enough_clean_single_pick_assets","C_multi_pick_bundle_needs_split","RAM-1994-0392","los-angeles-rams","1994-1st-round-pick-15th-overall-wayne-gandy-1994-2nd-round-pick-56th-overall-br","expected at least two clean single pick assets, found 0","","","",""
"39","manual","S1_manual_not_enough_clean_single_pick_assets","C_multi_pick_bundle_needs_split","SF-1994-0285","green-bay-packers","1994-2nd-round-pick-53rd-overall-kevin-mitchell-green-bay-packers-1994","expected at least two clean single pick assets, found 0","","","",""
"40","manual","S1_manual_not_enough_clean_single_pick_assets","C_multi_pick_bundle_needs_split","LAC-1995-0318","los-angeles-chargers","1995-2nd-round-pick-34th-overall-terrance-shaw-1995-3rd-round-pick-98th-overall","expected at least two clean single pick assets, found 0","","","",""
"41","manual","S1_manual_not_enough_clean_single_pick_assets","C_multi_pick_bundle_needs_split","SF-1995-0288","cleveland-browns","1995-1st-round-pick-10th-overall-j-j-stokes-traded-1996-1st-round-p-cleveland-browns-1995","expected at least two clean single pick assets, found 0","","","",""
"42","manual","S1_manual_not_enough_clean_single_pick_assets","C_multi_pick_bundle_needs_split","JAX-1995-0005","philadelphia-eagles","1995-5th-round-pick-169th-overall-philadelphia-eagles-1995","expected at least two clean single pick assets, found 0","","","",""
"43","manual","S1_manual_not_enough_clean_single_pick_assets","C_multi_pick_bundle_needs_split","CAR-1995-0004","green-bay-packers","panthers-green-bay-packers-trade-1995-0004","expected at least two clean single pick assets, found 0","","","",""
"44","manual","S1_manual_not_enough_clean_single_pick_assets","C_multi_pick_bundle_needs_split","CHI-1996-0396","los-angeles-rams","1996-1st-round-pick-13th-overall-walt-harris-los-angeles-st-louis-rams","expected at least two clean single pick assets, found 0","","","",""
"45","manual","S1_manual_not_enough_clean_single_pick_assets","C_multi_pick_bundle_needs_split","DEN-1996-04-20-0245","denver-broncos","1996-3rd-round-pick-65th-overall-detron-smith-1996-4th-round-pick-100th-overall-jeff-lewis","expected at least two clean single pick assets, found 0","","","",""
"46","manual","S1_manual_not_enough_clean_single_pick_assets","C_multi_pick_bundle_needs_split","DEN-1996-04-20-0246","denver-broncos","1996-4th-round-pick-122nd-overall-darrius-johnson-1996-5th-round-pick-159th-overall-patric","expected at least two clean single pick assets, found 0","","","",""
"47","manual","S1_manual_not_enough_clean_single_pick_assets","C_multi_pick_bundle_needs_split","DET-1996-0293","new-england-patriots","1996-3rd-round-pick-76th-overall-ryan-stewart-new-england-patriots-1996-04-20","expected at least two clean single pick assets, found 0","","","",""
"48","manual","S1_manual_not_enough_clean_single_pick_assets","C_multi_pick_bundle_needs_split","MIA-1996-0159","miami-dolphins","1996-3rd-round-pick-79th-overall-jaguars-1996","expected at least two clean single pick assets, found 0","","","",""
"49","manual","S1_manual_not_enough_clean_single_pick_assets","C_multi_pick_bundle_needs_split","RAI-1996-0283","tennessee-titans","1996-1st-round-pick-9th-overall-houston-oilers-tennessee-titans-1996","expected at least two clean single pick assets, found 0","","","",""
"50","manual","S1_manual_not_enough_clean_single_pick_assets","C_multi_pick_bundle_needs_split","RAI-1996-0284","new-england-patriots","1996-2nd-round-pick-57th-overall-new-england-patriots-1996","expected at least two clean single pick assets, found 0","","","",""
"51","manual","S1_manual_not_enough_clean_single_pick_assets","C_multi_pick_bundle_needs_split","RAI-1997-0289","new-orleans-saints","1997-1st-round-pick-2nd-overall-new-orleans-saints-1997","expected at least two clean single pick assets, found 0","","","",""
"52","manual","S1_manual_not_enough_clean_single_pick_assets","C_multi_pick_bundle_needs_split","RAM-1997-0402","new-york-jets","1997-1st-round-pick-1st-overall-orlando-pace-new-york-jets-1997","expected at least two clean single pick assets, found 0","","","",""
"53","manual","S1_manual_not_enough_clean_single_pick_assets","C_multi_pick_bundle_needs_split","DAL-1997-0239","philadelphia-eagles","1997-1st-round-pick-philadelphia-eagles-1997","expected at least two clean single pick assets, found 0","","","",""
"54","manual","S1_manual_not_enough_clean_single_pick_assets","C_multi_pick_bundle_needs_split","DEN-1997-04-19-0249","new-york-jets","1997-3rd-round-pick-67th-overall-dan-neil-new-york-jets-1997","expected at least two clean single pick assets, found 0","","","",""
"55","manual","S1_manual_not_enough_clean_single_pick_assets","C_multi_pick_bundle_needs_split","KC-1997-0190","tennessee-titans","1997-1st-round-pick-13th-overall-houston-oilers-1997","expected at least two clean single pick assets, found 0","","","",""
"56","manual","S1_manual_not_enough_clean_single_pick_assets","C_multi_pick_bundle_needs_split","SF-1997-0291","philadelphia-eagles","1997-3rd-round-pick-66th-overall-subsequently-traded-ronde-barber-philadelphia-eagles-1997","expected at least two clean single pick assets, found 0","","","",""
"57","candidate_warning","S1C_warning_pick_count_differs_from_single_count","C_multi_pick_bundle_needs_split","ATL-1997-0219","atlanta-falcons","1997-5th-round-pick-140th-overall-washington-commanders-1997","bundle pick mentions 3; single pick assets 2","1997 5th round pick (140th overall, Keith Thibodeaux) to Redskins. Dolphins sent 1997 5th round pick (145th overall, Raymond Austin) to Jets. Jets sent James Brown to Dolphins. Redskins sent 1997 6th round pick (180th overall, Calvin Collins)","1997 7th round pick (222nd overall, Chris Bayne) || 1997 6th round pick (180th overall, Calvin Collins)","",""
"58","manual","S1_manual_not_enough_clean_single_pick_assets","C_multi_pick_bundle_needs_split","MIA-1997-0164","miami-dolphins","1997-4th-round-pick-121st-overall-rams-1997","expected at least two clean single pick assets, found 0","","","",""
"59","manual","S1_manual_not_enough_clean_single_pick_assets","C_multi_pick_bundle_needs_split","MIA-1997-0165","miami-dolphins","1997-5th-round-pick-157th-overall-raiders-1997","expected at least two clean single pick assets, found 0","","","",""
"60","manual","S1_manual_not_enough_clean_single_pick_assets","C_multi_pick_bundle_needs_split","LAC-1998-0323","arizona-cardinals","1998-1st-round-pick-2nd-overall-ryan-leaf-arizonast-louis-cardinals-1998","expected at least two clean single pick assets, found 0","","","",""
"61","manual","S1_manual_not_enough_clean_single_pick_assets","C_multi_pick_bundle_needs_split","MIA-1998-0168","miami-dolphins","1998-3rd-round-pick-79th-overall-lions-1998","expected at least two clean single pick assets, found 0","","","",""
"62","manual","S1_manual_not_enough_clean_single_pick_assets","C_multi_pick_bundle_needs_split","PIT-1998-0317","new-york-jets","1998-2nd-round-pick-41st-overall-jeremy-staat-new-york-jets-1998","expected at least two clean single pick assets, found 0","","","",""
"63","manual","S1_manual_not_enough_clean_single_pick_assets","C_multi_pick_bundle_needs_split","IND-1998-0293","baltimore-ravens","1998-4th-round-pick-93rd-overall-steve-mckinney-baltimore-ravens-1998","expected at least two clean single pick assets, found 0","","","",""
"64","manual","S1_manual_not_enough_clean_single_pick_assets","C_multi_pick_bundle_needs_split","MIA-1999-0173","miami-dolphins","1999-2nd-round-pick-39th-overall-lions-1999","expected at least two clean single pick assets, found 0","","","",""
"65","manual","S1_manual_not_enough_clean_single_pick_assets","C_multi_pick_bundle_needs_split","MIA-1999-0175","kansas-city-chiefs","1999-2nd-round-pick-43rd-overall-chiefs-1999","expected at least two clean single pick assets, found 0","","","",""
"66","manual","S1_manual_not_enough_clean_single_pick_assets","C_multi_pick_bundle_needs_split","MIN-1999-04-17-0195","pittsburgh-steelers","draft-pick-trade-pittsburgh-steelers-1999","expected at least two clean single pick assets, found 0","","","",""
"67","manual","S1_manual_not_enough_clean_single_pick_assets","C_multi_pick_bundle_needs_split","RAI-1999-0297","chicago-bears","1999-2nd-round-pick-40th-overall-chicago-bears-1999","expected at least two clean single pick assets, found 0","","","",""
"68","manual","S1_manual_not_enough_clean_single_pick_assets","C_multi_pick_bundle_needs_split","WAS-1999-0353","washington-commanders","1999-1st-round-pick-12th-overall-subsequently-traded-cade-mcnown-1999-3rd-round-pick-71st","expected at least two clean single pick assets, found 0","","","",""
"69","manual","S1_manual_not_enough_clean_single_pick_assets","C_multi_pick_bundle_needs_split","WAS-1999-0354","chicago-bears","1999-1st-round-pick-7th-overall-champ-bailey-chicago-bears-1999","expected at least two clean single pick assets, found 0","","","",""
"70","manual","S1_manual_not_enough_clean_single_pick_assets","C_multi_pick_bundle_needs_split","SF-2000-0307","san-francisco-49ers","2000-1st-round-pick-12th-overall-subsequently-traded-shaun-ellis-2-washington-redskins-com","expected at least two clean single pick assets, found 0","","","",""
"71","manual","S1_manual_not_enough_clean_single_pick_assets","C_multi_pick_bundle_needs_split","CHI-2000-0413","chicago-bears","2000-4th-round-pick-125th-overall-reggie-austin-2000-5th-round-pick-15","expected at least two clean single pick assets, found 0","","","",""
"72","manual","S1_manual_not_enough_clean_single_pick_assets","C_multi_pick_bundle_needs_split","CLE-2000-0319","chicago-bears","2000-7th-round-pick-209th-overall-eric-chandler-and-2000-7th-round-pick-225th-ov","expected at least two clean single pick assets, found 0","","","",""
"73","manual","S1_manual_not_enough_clean_single_pick_assets","C_multi_pick_bundle_needs_split","NYG-2001-0257","indianapolis-colts","2001-1st-round-pick-22nd-overall-will-allen-indianapolis-baltimore-colts-2001","expected at least two clean single pick assets, found 0","","","",""
"74","manual","S1_manual_not_enough_clean_single_pick_assets","C_multi_pick_bundle_needs_split","IND-2001-0303","indianapolis-colts","2001-1st-round-pick-30th-overall-reggie-wayne-2001-3rd-round-pick-91st-overall-c","expected at least two clean single pick assets, found 0","","","",""
"75","manual","S1_manual_not_enough_clean_single_pick_assets","C_multi_pick_bundle_needs_split","PIT-2001-0329","pittsburgh-steelers","2001-1st-round-pick-19th-overall-casey-hampton-2001-4th-round-pick-111th-overall-mathias-nkwenti-new-york-jets-2001","expected at least two clean single pick assets, found 0","","","",""
"76","manual","S1_manual_not_enough_clean_single_pick_assets","C_multi_pick_bundle_needs_split","SF-2001-0315","san-francisco-49ers","2001-2nd-round-pick-47th-overall-jamie-winborn-2001-3rd-round-pick-green-bay-packers-2001","expected at least two clean single pick assets, found 0","","","",""
"77","manual","S1_manual_not_enough_clean_single_pick_assets","C_multi_pick_bundle_needs_split","SF-2001-0315","green-bay-packers","2001-2nd-round-pick-47th-overall-jamie-winborn-2001-3rd-round-pick-green-bay-packers-2001","expected at least two clean single pick assets, found 0","","","",""
"78","manual","S1_manual_not_enough_clean_single_pick_assets","C_multi_pick_bundle_needs_split","SF-2001-0316","seattle-seahawks","2001-1st-round-pick-7th-overall-andre-carter-seattle-seahawks-2001","expected at least two clean single pick assets, found 0","","","",""
"79","manual","S1_manual_not_enough_clean_single_pick_assets","C_multi_pick_bundle_needs_split","DEN-2001-04-22-0267","atlanta-falcons","2002-4th-round-pick-112th-overall-subsequently-traded-dave-zastudil-atlanta-falcons-2001","expected at least two clean single pick assets, found 0","","","",""
"80","manual","S1_manual_not_enough_clean_single_pick_assets","C_multi_pick_bundle_needs_split","MIA-2002-0188","new-orleans-saints","ricky-williams-saints-2002","expected at least two clean single pick assets, found 0","","","",""
"81","manual","S1_manual_not_enough_clean_single_pick_assets","C_multi_pick_bundle_needs_split","DAL-2002-0256","chicago-bears","2002-2nd-round-pick-and-2002-4th-round-pick-chicago-bears-2002","expected at least two clean single pick assets, found 0","","","",""
"82","manual","S1_manual_not_enough_clean_single_pick_assets","C_multi_pick_bundle_needs_split","KC-2002-0203","dallas-cowboys","2002-1st-round-pick-6th-overall-dallas-cowboys-2002","expected at least two clean single pick assets, found 0","","","",""
"83","manual","S1_manual_not_enough_clean_single_pick_assets","C_multi_pick_bundle_needs_split","WAS-2002-0369","washington-commanders","2002-1st-round-pick-32nd-overall-patrick-ramsey-2002-3rd-round-pick-96th-overall-subsequen","expected at least two clean single pick assets, found 0","","","",""
"84","manual","S1_manual_not_enough_clean_single_pick_assets","C_multi_pick_bundle_needs_split","WAS-2002-0370","washington-commanders","2002-2nd-round-pick-56th-overall-ladell-betts-2002-3rd-round-pick-87th-overall-cliff-russe","expected at least two clean single pick assets, found 0","","","",""
"85","manual","S1_manual_not_enough_clean_single_pick_assets","C_multi_pick_bundle_needs_split","NO-2003-0260","new-england-patriots","saints-2003-04-14-new-england-patriots-tebucky-jones","expected at least two clean single pick assets, found 0","","","",""
"86","manual","S1_manual_not_enough_clean_single_pick_assets","C_multi_pick_bundle_needs_split","DEN-2003-04-26-0271","denver-broncos","2003-4th-round-pick-108th-overall-quentin-griffin-2003-4th-round-pick-120th-overall-subseq","expected at least two clean single pick assets, found 0","","","",""
"87","manual","S1_manual_not_enough_clean_single_pick_assets","C_multi_pick_bundle_needs_split","NO-2003-0261","new-orleans-saints","saints-2003-04-26-arizona-cardinals-st-louis-cardinals-2003-1st-round-pick-6th-o","expected at least two clean single pick assets, found 0","","","",""
"88","manual","S1_manual_not_enough_clean_single_pick_assets","C_multi_pick_bundle_needs_split","NO-2003-0261","arizona-cardinals","saints-2003-04-26-arizona-cardinals-st-louis-cardinals-2003-1st-round-pick-6th-o","expected at least two clean single pick assets, found 0","","","",""
"89","manual","S1_manual_not_enough_clean_single_pick_assets","C_multi_pick_bundle_needs_split","NYJ-2003-0185","chicago-bears","2003-1st-round-pick-4th-overall-dewayne-robertson-chicago-bears-2003","expected at least two clean single pick assets, found 0","","","",""
"90","manual","S1_manual_not_enough_clean_single_pick_assets","C_multi_pick_bundle_needs_split","PIT-2003-0332","kansas-city-chiefs","2003-1st-round-pick-16th-overall-troy-polamalu-kansas-city-chiefs-2003","expected at least two clean single pick assets, found 0","","","",""
"91","manual","S1_manual_not_enough_clean_single_pick_assets","C_multi_pick_bundle_needs_split","JAX-2003-0019","jacksonville-jaguars","2003-6th-round-pick-176th-overall-chicago-bears-2003","expected at least two clean single pick assets, found 0","","","",""
"92","manual","S1_manual_not_enough_clean_single_pick_assets","C_multi_pick_bundle_needs_split","NE-2003-0283","new-england-patriots","2003-5th-round-pick-164th-overall-dan-koppen-2003-6th-round-pick-201st-overall-kliff-kings","expected at least two clean single pick assets, found 0","","","",""
"93","manual","S1_manual_not_enough_clean_single_pick_assets","C_multi_pick_bundle_needs_split","DEN-2004-04-09-0277","cincinnati-bengals","2004-1st-round-pick-17th-overall-d-j-williams-cincinnati-bengals-2004","expected at least two clean single pick assets, found 0","","","",""
"94","manual","S1_manual_not_enough_clean_single_pick_assets","C_multi_pick_bundle_needs_split","BUF-2004-0262","dallas-cowboys","2004-1st-round-pick-22nd-overall-j-p-losman-dallas-cowboys-2004","expected at least two clean single pick assets, found 0","","","",""
"95","manual","S1_manual_not_enough_clean_single_pick_assets","C_multi_pick_bundle_needs_split","CLE-2004-0331","indianapolis-colts","2004-2nd-round-pick-59th-overall-sean-jones-and-2004-5th-round-pick-161st-overal","expected at least two clean single pick assets, found 0","","","",""
"96","manual","S1_manual_not_enough_clean_single_pick_assets","C_multi_pick_bundle_needs_split","LAC-2004-0338","los-angeles-chargers","philip-rivers-2004-3rd-round-pick-65th-overall-nate-kaeding-2005-1st-round-pick","expected at least two clean single pick assets, found 0","","","",""
"97","manual","S1_manual_not_enough_clean_single_pick_assets","C_multi_pick_bundle_needs_split","MIN-2005-0199","minnesota-vikings","napoleon-harris-2005-1st-round-pick-7th-overall-troy-williamson-las-vegas-oaklan","expected at least two clean single pick assets, found 0","","","",""
"98","manual","S1_manual_not_enough_clean_single_pick_assets","C_multi_pick_bundle_needs_split","RAI-2005-0320","new-york-jets","2005-1st-round-pick-26th-overall-subsequently-traded-new-york-jets-2005","expected at least two clean single pick assets, found 0","","","",""
"99","manual","S1_manual_not_enough_clean_single_pick_assets","C_multi_pick_bundle_needs_split","NE-2005-0289","new-england-patriots","2005-3rd-round-pick-84th-overall-ellis-hobbs-2005-6th-round-pick-195th-overall-subsequentl","expected at least two clean single pick assets, found 0","","","",""
"100","manual","S1_manual_not_enough_clean_single_pick_assets","C_multi_pick_bundle_needs_split","PHI-2005-0301","green-bay-packers","eagles-2005-04-24-green-bay-packers-0301","expected at least two clean single pick assets, found 0","","","",""
"101","manual","S1_manual_not_enough_clean_single_pick_assets","C_multi_pick_bundle_needs_split","NYG-2006-0262","new-york-giants","2006-1st-round-pick-32nd-overall-mathias-kiwanuka-2006-3rd-round-pick-96th-overa","expected at least two clean single pick assets, found 0","","","",""
"102","manual","S1_manual_not_enough_clean_single_pick_assets","C_multi_pick_bundle_needs_split","DAL-2006-0276","dallas-cowboys","2006-2nd-round-pick-2006-6th-round-pick-and-2006-7th-round-new-york-jets-2006","expected at least two clean single pick assets, found 0","","","",""
"103","manual","S1_manual_not_enough_clean_single_pick_assets","C_multi_pick_bundle_needs_split","NYJ-2006-0198","new-york-jets","2006-2nd-round-pick-53rd-overall-subsequently-traded-anthony-fasano-2006-6th-round-pick-18","expected at least two clean single pick assets, found 0","","","",""
"104","manual","S1_manual_not_enough_clean_single_pick_assets","C_multi_pick_bundle_needs_split","PIT-2006-0336","new-york-giants","2006-1st-round-pick-25th-overall-santonio-holmes-new-york-giants-2006","expected at least two clean single pick assets, found 0","","","",""
"105","manual","S1_manual_not_enough_clean_single_pick_assets","C_multi_pick_bundle_needs_split","CAR-2007-0032","carolina-panthers","panthers-new-york-jets-trade-2007-0032","expected at least two clean single pick assets, found 0","","","",""
"106","manual","S1_manual_not_enough_clean_single_pick_assets","C_multi_pick_bundle_needs_split","DAL-2007-0283","philadelphia-eagles","2007-1st-round-pick-philadelphia-eagles-2007","expected at least two clean single pick assets, found 0","","","",""
"107","manual","S1_manual_not_enough_clean_single_pick_assets","C_multi_pick_bundle_needs_split","DEN-2007-04-28-0292","jacksonville-jaguars","2007-1st-round-pick-17th-overall-jarvis-moss-jacksonville-jaguars-2007","expected at least two clean single pick assets, found 0","","","",""
"108","manual","S1_manual_not_enough_clean_single_pick_assets","C_multi_pick_bundle_needs_split","JAX-2007-0033","jacksonville-jaguars","2007-4th-round-pick-101st-overall-baltimore-ravens-2007","expected at least two clean single pick assets, found 0","","","",""
"109","manual","S1_manual_not_enough_clean_single_pick_assets","C_multi_pick_bundle_needs_split","LAC-2007-0346","chicago-bears","2007-2nd-round-pick-37th-overall-eric-weddle-chicago-bears-2007","expected at least two clean single pick assets, found 0","","","",""
"110","manual","S1_manual_not_enough_clean_single_pick_assets","C_multi_pick_bundle_needs_split","NYJ-2007-0210","green-bay-packers","2007-2nd-round-pick-47th-overall-david-harris-and-2007-7th-round-pick-235th-overall-chansi","expected at least two clean single pick assets, found 0","","","",""
"111","manual","S1_manual_not_enough_clean_single_pick_assets","C_multi_pick_bundle_needs_split","MIN-2007-04-29-0220","minnesota-vikings","draft-pick-trade-denver-broncos-2007","expected at least two clean single pick assets, found 0","","","",""
"112","manual","S1_manual_not_enough_clean_single_pick_assets","C_multi_pick_bundle_needs_split","MIN-2008-04-23-0223","kansas-city-chiefs","jared-allen-kansas-city-chiefs-2008","expected at least two clean single pick assets, found 0","","","",""
"113","manual","S1_manual_not_enough_clean_single_pick_assets","C_multi_pick_bundle_needs_split","BAL-2008-0038","houston-texans","2008-1st-round-pick-18th-overall-joe-flacco-houston-texans-2008","expected at least two clean single pick assets, found 0","","","",""
"114","manual","S1_manual_not_enough_clean_single_pick_assets","C_multi_pick_bundle_needs_split","CAR-2008-0035","philadelphia-eagles","panthers-philadelphia-eagles-trade-2008-0035","expected at least two clean single pick assets, found 0","","","",""
"115","manual","S1_manual_not_enough_clean_single_pick_assets","C_multi_pick_bundle_needs_split","JAX-2008-0038","baltimore-ravens","2008-1st-round-pick-8th-overall-baltimore-ravens-2008","expected at least two clean single pick assets, found 0","","","",""
"116","manual","S1_manual_not_enough_clean_single_pick_assets","C_multi_pick_bundle_needs_split","KC-2008-0219","detroit-lions","2008-1st-round-pick-15th-overall-detroit-lions-2008","expected at least two clean single pick assets, found 0","","","",""
"117","manual","S1_manual_not_enough_clean_single_pick_assets","C_multi_pick_bundle_needs_split","DAL-2008-0296","detroit-lions","roy-williams-and-2009-7th-round-pick-detroit-lions-2008","expected at least two clean single pick assets, found 0","","","",""
"118","manual","S1_manual_not_enough_clean_single_pick_assets","C_multi_pick_bundle_needs_split","DEN-2009-04-03-0301","denver-broncos","kyle-orton-2009-1st-round-pick-18th-overall-robert-ayers-2009-3rd-round-pick-84th-overall","expected at least two clean single pick assets, found 0","","","",""
"119","manual","S1_manual_not_enough_clean_single_pick_assets","C_multi_pick_bundle_needs_split","CLE-2009-0360","cleveland-browns","kenyon-coleman-abram-elam-brett-ratliff-2009-1st-round-pick-17th-overall-subsequ","expected at least two clean single pick assets, found 0","","","",""
"120","manual","S1_manual_not_enough_clean_single_pick_assets","C_multi_pick_bundle_needs_split","GB-2009-0398","new-england-patriots","2009-1st-round-pick-26th-overall-clay-matthews-and-2009-5th-round-pick-162nd-ove","expected at least two clean single pick assets, found 0","","","",""
"121","manual","S1_manual_not_enough_clean_single_pick_assets","C_multi_pick_bundle_needs_split","RAI-2009-0334","las-vegas-raiders","2009-2nd-round-pick-47th-overall-new-england-patriots-2009","expected at least two clean single pick assets, found 0","","","",""
"122","manual","S1_manual_not_enough_clean_single_pick_assets","C_multi_pick_bundle_needs_split","NYJ-2009-0221","detroit-lions","2009-3rd-round-pick-65th-overall-shonn-greene-detroit-lions-2009","expected at least two clean single pick assets, found 0","","","",""
"123","manual","S1_manual_not_enough_clean_single_pick_assets","C_multi_pick_bundle_needs_split","DEN-2010-03-15-0308","cleveland-browns","brady-quinn-cleveland-browns-2010","expected at least two clean single pick assets, found 0","","","",""
"124","manual","S1_manual_not_enough_clean_single_pick_assets","C_multi_pick_bundle_needs_split","PHI-2010-0332","philadelphia-eagles","eagles-2010-04-02-cleveland-browns-0332","expected at least two clean single pick assets, found 0","","","",""
"125","manual","S1_manual_not_enough_clean_single_pick_assets","C_multi_pick_bundle_needs_split","RAM-2010-0455","washington-commanders","2010-5th-round-pick-135th-overall-subsequently-traded-dominique-franks-and-2010","expected at least two clean single pick assets, found 0","","","",""
"126","manual","S1_manual_not_enough_clean_single_pick_assets","C_multi_pick_bundle_needs_split","DEN-2010-04-22-0312","denver-broncos","2010-1st-round-pick-24th-overall-subsequently-traded-dez-bryant-2010-3rd-round-pick-70th-o","expected at least two clean single pick assets, found 0","","","",""
"127","manual","S1_manual_not_enough_clean_single_pick_assets","C_multi_pick_bundle_needs_split","DEN-2010-04-22-0314","baltimore-ravens","2010-1st-round-pick-25th-overall-tim-tebow-baltimore-ravens-2010","expected at least two clean single pick assets, found 0","","","",""
"128","manual","S1_manual_not_enough_clean_single_pick_assets","C_multi_pick_bundle_needs_split","LAC-2010-0353","los-angeles-chargers","2010-1st-round-pick-12th-overall-ryan-mathews-2010-4th-round-pick-110th-overall","expected at least two clean single pick assets, found 0","","","",""
"129","manual","S1_manual_not_enough_clean_single_pick_assets","C_multi_pick_bundle_needs_split","LAC-2010-0353","miami-dolphins","2010-1st-round-pick-12th-overall-ryan-mathews-2010-4th-round-pick-110th-overall","expected at least two clean single pick assets, found 0","","","",""
"130","manual","S1_manual_not_enough_clean_single_pick_assets","C_multi_pick_bundle_needs_split","MIN-2010-04-22-0229","minnesota-vikings","draft-pick-trade-detroit-lions-2010","expected at least two clean single pick assets, found 0","","","",""
"131","manual","S1_manual_not_enough_clean_single_pick_assets","C_multi_pick_bundle_needs_split","PHI-2010-0337","philadelphia-eagles","eagles-2010-04-23-cleveland-browns-0337","expected at least two clean single pick assets, found 0","","","",""
"132","manual","S1_manual_not_enough_clean_single_pick_assets","C_multi_pick_bundle_needs_split","SF-2010-0345","san-francisco-49ers","2010-3rd-round-pick-91st-overall-navorro-bowman-2010-6th-round-pic-los-angeles-san-diego-c","expected at least two clean single pick assets, found 0","","","",""
"133","manual","S1_manual_not_enough_clean_single_pick_assets","C_multi_pick_bundle_needs_split","SEA-2010-04-24-0147","seattle-seahawks","kevin-vickerson-lendale-white-2010-4th-round-pic-tennessee-titans-2010","expected at least two clean single pick assets, found 0","","","",""
"134","manual","S1_manual_not_enough_clean_single_pick_assets","C_multi_pick_bundle_needs_split","DEN-2011-04-29-0319","denver-broncos","2011-2nd-round-pick-45th-overall-rahim-moore-2011-4th-round-pick-108th-overall-quinton-car","expected at least two clean single pick assets, found 0","","","",""
"135","manual","S1_manual_not_enough_clean_single_pick_assets","C_multi_pick_bundle_needs_split","MIA-2011-0242","washington-commanders","2011-2nd-round-pick-62nd-overall-redskins-2011","expected at least two clean single pick assets, found 0","","","",""
"136","manual","S1_manual_not_enough_clean_single_pick_assets","C_multi_pick_bundle_needs_split","WAS-2011-0414","houston-texans","2011-4th-round-pick-105th-overall-roy-helu-and-2011-6th-round-pick-178th-overall-aldrick-r","expected at least two clean single pick assets, found 0","","","",""
"137","manual","S1_manual_not_enough_clean_single_pick_assets","C_multi_pick_bundle_needs_split","RAM-2012-0465","los-angeles-rams","2012-1st-round-pick-6th-overall-subsequently-traded-morris-claiborne-2012-2nd-ro","expected at least two clean single pick assets, found 0","","","",""
"138","manual","S1_manual_not_enough_clean_single_pick_assets","C_multi_pick_bundle_needs_split","MIN-2012-04-26-0237","minnesota-vikings","draft-pick-trade-cleveland-browns-2012","expected at least two clean single pick assets, found 0","","","",""
"139","manual","S1_manual_not_enough_clean_single_pick_assets","C_multi_pick_bundle_needs_split","GB-2012-0409","new-england-patriots","2012-5th-round-pick-163rd-overall-terrell-manning-new-england-patriots-2012","expected at least two clean single pick assets, found 0","","","",""
"140","manual","S1_manual_not_enough_clean_single_pick_assets","C_multi_pick_bundle_needs_split","MIA-2012-0247","san-francisco-49ers","2012-4th-round-pick-97th-overall-49ers-2012","expected at least two clean single pick assets, found 0","","","",""
"141","manual","S1_manual_not_enough_clean_single_pick_assets","C_multi_pick_bundle_needs_split","MIN-2012-0233","tennessee-titans","2013-6th-round-pick-176th-overall-subsequently-traded-david-quessenberry-tenness","expected at least two clean single pick assets, found 0","","","",""
"142","manual","S1_manual_not_enough_clean_single_pick_assets","C_multi_pick_bundle_needs_split","BUF-2013-0281","buffalo-bills","2013-1st-round-pick-16th-overall-ej-manuel-2013-2nd-round-pick-46th-overall-kiko","expected at least two clean single pick assets, found 0","","","",""
"143","manual","S1_manual_not_enough_clean_single_pick_assets","C_multi_pick_bundle_needs_split","MIN-2013-0236","new-england-patriots","2013-1st-round-pick-29th-overall-cordarrelle-patterson-new-england-patriots-2013","expected at least two clean single pick assets, found 0","","","",""
"144","manual","S1_manual_not_enough_clean_single_pick_assets","C_multi_pick_bundle_needs_split","MIA-2013-0251","cleveland-browns","2013-4th-round-pick-104th-overall-browns-2013","expected at least two clean single pick assets, found 0","","","",""
"145","manual","S1_manual_not_enough_clean_single_pick_assets","C_multi_pick_bundle_needs_split","MIA-2013-0253","green-bay-packers","2013-3rd-round-pick-93rd-overall-packers-2013","expected at least two clean single pick assets, found 0","","","",""
"146","manual","S1_manual_not_enough_clean_single_pick_assets","C_multi_pick_bundle_needs_split","SEA-2013-04-26-0166","seattle-seahawks","2013-2nd-round-pick-62nd-overall-christine-micha-baltimore-ravens-2013","expected at least two clean single pick assets, found 0","","","",""
"147","manual","S1_manual_not_enough_clean_single_pick_assets","C_multi_pick_bundle_needs_split","SF-2013-0361","san-francisco-49ers","2013-2nd-round-pick-40th-overall-tank-carradine-2013-7th-round-pic-tennessee-titans-2013","expected at least two clean single pick assets, found 0","","","",""
"148","manual","S1_manual_not_enough_clean_single_pick_assets","C_multi_pick_bundle_needs_split","SF-2013-0362","green-bay-packers","2013-2nd-round-pick-55th-overall-vance-mcdonald-green-bay-packers-2013","expected at least two clean single pick assets, found 0","","","",""
"149","manual","S1_manual_not_enough_clean_single_pick_assets","C_multi_pick_bundle_needs_split","BUF-2014-0283","cleveland-browns","2014-1st-round-pick-4th-overall-sammy-watkins-cleveland-browns-2014","expected at least two clean single pick assets, found 0","","","",""
"150","manual","S1_manual_not_enough_clean_single_pick_assets","C_multi_pick_bundle_needs_split","DEN-2014-05-09-0331","san-francisco-49ers","2014-2nd-round-pick-56th-overall-cody-latimer-and-2014-7th-round-pick-242nd-overall-corey","expected at least two clean single pick assets, found 0","","","",""
"151","manual","S1_manual_not_enough_clean_single_pick_assets","C_multi_pick_bundle_needs_split","SEA-2014-05-09-0171","seattle-seahawks","2014-2nd-round-pick-45th-overall-paul-richardson-detroit-lions-2014","expected at least two clean single pick assets, found 0","","","",""
"152","manual","S1_manual_not_enough_clean_single_pick_assets","C_multi_pick_bundle_needs_split","RAM-2015-0475","los-angeles-rams","nick-foles-2015-4th-round-pick-119th-overall-andrew-donnal-and-2016-2nd-round-pi","expected at least two clean single pick assets, found 0","","","",""
"153","manual","S1_manual_not_enough_clean_single_pick_assets","C_multi_pick_bundle_needs_split","DEN-2015-04-30-0334","detroit-lions","2015-1st-round-pick-23rd-overall-shane-ray-detroit-lions-2015","expected at least two clean single pick assets, found 0","","","",""
"154","manual","S1_manual_not_enough_clean_single_pick_assets","C_multi_pick_bundle_needs_split","SF-2015-0373","san-francisco-49ers","2015-1st-round-pick-17th-overall-arik-armstead-2015-4th-round-pick-los-angeles-san-diego-c","expected at least two clean single pick assets, found 0","","","",""
"155","manual","S1_manual_not_enough_clean_single_pick_assets","C_multi_pick_bundle_needs_split","CLE-2015-0392","cleveland-browns","2015-2nd-round-pick-51st-overall-nate-orchard-2015-4th-round-pick-116th-overall","expected at least two clean single pick assets, found 0","","","",""
"156","manual","S1_manual_not_enough_clean_single_pick_assets","C_multi_pick_bundle_needs_split","CLE-2015-0393","new-england-patriots","2015-3rd-round-pick-96th-overall-xavier-cooper-and-2015-7th-round-pick-219th-ove","expected at least two clean single pick assets, found 0","","","",""
"157","manual","S1_manual_not_enough_clean_single_pick_assets","C_multi_pick_bundle_needs_split","HOU-2015-0045","new-york-jets","2015-3rd-round-pick-new-york-jets-2015","expected at least two clean single pick assets, found 0","","","",""
"158","manual","S1_manual_not_enough_clean_single_pick_assets","C_multi_pick_bundle_needs_split","MIA-2015-0260","miami-dolphins","2015-2nd-round-pick-52nd-overall-eagles-2015","expected at least two clean single pick assets, found 0","","","",""
"159","manual","S1_manual_not_enough_clean_single_pick_assets","C_multi_pick_bundle_needs_split","NYG-2015-0275","tennessee-titans","2015-2nd-round-pick-33rd-overall-landon-collins-tennessee-titans-2015","expected at least two clean single pick assets, found 0","","","",""
"160","manual","S1_manual_not_enough_clean_single_pick_assets","C_multi_pick_bundle_needs_split","RAM-2015-0477","los-angeles-rams","2015-2nd-round-pick-57th-overall-rob-havenstein-2015-3rd-round-pick-89th-overall","expected at least two clean single pick assets, found 0","","","",""
"161","manual","S1_manual_not_enough_clean_single_pick_assets","C_multi_pick_bundle_needs_split","WAS-2015-0426","washington-commanders","2015-3rd-round-pick-95th-overall-matt-jones-2015-4th-round-pick-112th-overall-arie-kouandj","expected at least two clean single pick assets, found 0","","","",""
"162","manual","S1_manual_not_enough_clean_single_pick_assets","C_multi_pick_bundle_needs_split","CAR-2015-0054","las-vegas-raiders","panthers-oakland-raiders-trade-2015-0054","expected at least two clean single pick assets, found 0","","","",""
"163","manual","S1_manual_not_enough_clean_single_pick_assets","C_multi_pick_bundle_needs_split","CLE-2015-0394","cleveland-browns","2015-4th-round-pick-123rd-overall-vince-mayle-2015-6th-round-pick-198th-overall","expected at least two clean single pick assets, found 0","","","",""
"164","manual","S1_manual_not_enough_clean_single_pick_assets","C_multi_pick_bundle_needs_split","RAM-2016-0479","los-angeles-rams","2016-1st-round-pick-1st-overall-jared-goff-2016-4th-round-pick-113th-overall-sub","expected at least two clean single pick assets, found 0","","","",""
"165","manual","S1_manual_not_enough_clean_single_pick_assets","C_multi_pick_bundle_needs_split","RAM-2016-0479","tennessee-titans","2016-1st-round-pick-1st-overall-jared-goff-2016-4th-round-pick-113th-overall-sub","expected at least two clean single pick assets, found 0","","","",""
"166","manual","S1_manual_not_enough_clean_single_pick_assets","C_multi_pick_bundle_needs_split","PHI-2016-0385","cleveland-browns","eagles-2016-04-20-cleveland-browns-0385","expected at least two clean single pick assets, found 0","","","",""
"167","manual","S1_manual_not_enough_clean_single_pick_assets","C_multi_pick_bundle_needs_split","CLE-2016-0397","cleveland-browns","2016-1st-round-pick-15th-overall-corey-coleman-2016-3rd-round-pick-76th-overall","expected at least two clean single pick assets, found 0","","","",""
"168","manual","S1_manual_not_enough_clean_single_pick_assets","C_multi_pick_bundle_needs_split","KC-2016-0236","kansas-city-chiefs","2016-2nd-round-pick-37th-overall-san-francisco-49ers-2016","expected at least two clean single pick assets, found 0","","","",""
"169","manual","S1_manual_not_enough_clean_single_pick_assets","C_multi_pick_bundle_needs_split","BUF-2016-0290","chicago-bears","2016-2nd-round-pick-41st-overall-reggie-ragland-chicago-bears-2016","expected at least two clean single pick assets, found 0","","","",""
"170","manual","S1_manual_not_enough_clean_single_pick_assets","C_multi_pick_bundle_needs_split","CAR-2016-0056","cleveland-browns","panthers-cleveland-browns-trade-2016-0056","expected at least two clean single pick assets, found 0","","","",""
"171","manual","S1_manual_not_enough_clean_single_pick_assets","C_multi_pick_bundle_needs_split","IND-2016-0346","indianapolis-colts","2016-2nd-round-pick-57th-overall-t-j-green-2016-4th-round-pick-125th-overall-ant","expected at least two clean single pick assets, found 0","","","",""
"172","manual","S1_manual_not_enough_clean_single_pick_assets","C_multi_pick_bundle_needs_split","MIA-2016-0263","minnesota-vikings","2016-3rd-round-pick-86th-overall-vikings-2016","expected at least two clean single pick assets, found 0","","","",""
"173","manual","S1_manual_not_enough_clean_single_pick_assets","C_multi_pick_bundle_needs_split","MIA-2016-0267","miami-dolphins","2016-6th-round-pick-196th-overall-subsequently-traded-patriots-2016","expected at least two clean single pick assets, found 0","","","",""
"174","manual","S1_manual_not_enough_clean_single_pick_assets","C_multi_pick_bundle_needs_split","CLE-2017-0405","cleveland-browns","brock-osweiler-2017-6th-round-pick-188th-overall-subsequently-traded-elijah-mcgu","expected at least two clean single pick assets, found 0","","","",""
"175","manual","S1_manual_not_enough_clean_single_pick_assets","C_multi_pick_bundle_needs_split","BUF-2017-0292","buffalo-bills","2017-1st-round-pick-27th-overall-tre-davious-white-2017-3rd-round-pick-91st-over","expected at least two clean single pick assets, found 0","","","",""
"176","manual","S1_manual_not_enough_clean_single_pick_assets","C_multi_pick_bundle_needs_split","SF-2017-0382","san-francisco-49ers","2017-1st-round-pick-3rd-overall-solomon-thomas-2017-3rd-round-pick-chicago-bears-2017","expected at least two clean single pick assets, found 0","","","",""
"177","manual","S1_manual_not_enough_clean_single_pick_assets","C_multi_pick_bundle_needs_split","CHI-2017-0467","chicago-bears","2017-2nd-round-pick-45th-overall-adam-shaheen-2017-4th-round-pick-119t","expected at least two clean single pick assets, found 0","","","",""
"178","manual","S1_manual_not_enough_clean_single_pick_assets","C_multi_pick_bundle_needs_split","MIN-2017-0254","minnesota-vikings","2017-3rd-round-pick-104th-overall-subsequently-traded-c-j-beathard-2017-4th-roun","expected at least two clean single pick assets, found 0","","","",""
"179","manual","S1_manual_not_enough_clean_single_pick_assets","C_multi_pick_bundle_needs_split","BUF-2018-0303","cincinnati-bengals","2018-1st-round-pick-12th-overall-subsequently-traded-vita-vea-and-2018-6th-round","expected at least two clean single pick assets, found 0","","","",""
"180","manual","S1_manual_not_enough_clean_single_pick_assets","C_multi_pick_bundle_needs_split","IND-2018-0351","indianapolis-colts","2018-1st-round-pick-6th-overall-quenton-nelson-2018-2nd-round-pick-37th-overall","expected at least two clean single pick assets, found 0","","","",""
"181","manual","S1_manual_not_enough_clean_single_pick_assets","C_multi_pick_bundle_needs_split","BUF-2018-0305","baltimore-ravens","2018-1st-round-pick-16th-overall-tremaine-edmunds-baltimore-ravens-2018","expected at least two clean single pick assets, found 0","","","",""
"182","manual","S1_manual_not_enough_clean_single_pick_assets","C_multi_pick_bundle_needs_split","NO-2018-0311","green-bay-packers","saints-2018-04-26-green-bay-packers-2018-1st-round-pick-14th-overall-marcus-dave","expected at least two clean single pick assets, found 0","","","",""
"183","manual","S1_manual_not_enough_clean_single_pick_assets","C_multi_pick_bundle_needs_split","PHI-2018-0401","philadelphia-eagles","eagles-2018-04-26-baltimore-ravens-0401","expected at least two clean single pick assets, found 0","","","",""
"184","manual","S1_manual_not_enough_clean_single_pick_assets","C_multi_pick_bundle_needs_split","RAI-2018-0370","las-vegas-raiders","2018-1st-round-pick-15th-overall-arizona-st-louis-cardinals-2018","expected at least two clean single pick assets, found 0","","","",""
"185","manual","S1_manual_not_enough_clean_single_pick_assets","C_multi_pick_bundle_needs_split","RAI-2018-0373","baltimore-ravens","2018-3rd-round-pick-65th-overall-baltimore-ravens-2018","expected at least two clean single pick assets, found 0","","","",""
"186","manual","S1_manual_not_enough_clean_single_pick_assets","C_multi_pick_bundle_needs_split","RAI-2018-0380","las-vegas-raiders","2019-1st-round-pick-24th-overall-chicago-bears-2018","expected at least two clean single pick assets, found 0","","","",""
"187","manual","S1_manual_not_enough_clean_single_pick_assets","C_multi_pick_bundle_needs_split","RAI-2018-0380","chicago-bears","2019-1st-round-pick-24th-overall-chicago-bears-2018","expected at least two clean single pick assets, found 0","","","",""
"188","manual","S1_manual_not_enough_clean_single_pick_assets","C_multi_pick_bundle_needs_split","NYG-2019-0287","seattle-seahawks","2019-1st-round-pick-30th-overall-deandre-baker-seattle-seahawks-2019","expected at least two clean single pick assets, found 0","","","",""
"189","manual","S1_manual_not_enough_clean_single_pick_assets","C_multi_pick_bundle_needs_split","NYG-2019-0285","new-york-giants","jabrill-peppers-2019-1st-round-pick-17th-overall-dexter-lawrence-and-2019-3rd-ro","expected at least two clean single pick assets, found 0","","","",""
"190","manual","S1_manual_not_enough_clean_single_pick_assets","C_multi_pick_bundle_needs_split","DEN-2019-04-25-0354","denver-broncos","2019-1st-round-pick-20th-overall-noah-fant-2019-2nd-round-pick-52nd-overall-subsequently-t","expected at least two clean single pick assets, found 0","","","",""
"191","manual","S1_manual_not_enough_clean_single_pick_assets","C_multi_pick_bundle_needs_split","PHI-2019-0409","baltimore-ravens","eagles-2019-04-25-baltimore-ravens-0409","expected at least two clean single pick assets, found 0","","","",""
"192","manual","S1_manual_not_enough_clean_single_pick_assets","C_multi_pick_bundle_needs_split","CHI-2019-0474","new-england-patriots","2019-3rd-round-pick-73rd-overall-david-montgomery-and-2019-6th-round-p","expected at least two clean single pick assets, found 0","","","",""
"193","manual","S1_manual_not_enough_clean_single_pick_assets","C_multi_pick_bundle_needs_split","DEN-2019-04-26-0355","cincinnati-bengals","2019-2nd-round-pick-42nd-overall-drew-lock-cincinnati-bengals-2019","expected at least two clean single pick assets, found 0","","","",""
"194","manual","S1_manual_not_enough_clean_single_pick_assets","C_multi_pick_bundle_needs_split","JAX-2019-0071","jacksonville-jaguars","2019-2nd-round-pick-35th-overall-las-vegas-oakland-raiders-2019","expected at least two clean single pick assets, found 0","","","",""
"195","manual","S1_manual_not_enough_clean_single_pick_assets","C_multi_pick_bundle_needs_split","MIA-2019-0281","miami-dolphins","2019-2nd-round-pick-62nd-overall-subsequently-traded-saints-2019","expected at least two clean single pick assets, found 0","","","",""
"196","manual","S1_manual_not_enough_clean_single_pick_assets","C_multi_pick_bundle_needs_split","MIN-2019-0267","minnesota-vikings","2019-3rd-round-pick-102nd-overall-alexander-mattison-2019-6th-round-pick-191st-o","expected at least two clean single pick assets, found 0","","","",""
"197","manual","S1_manual_not_enough_clean_single_pick_assets","C_multi_pick_bundle_needs_split","MIA-2019-0285","miami-dolphins","johnson-bademosi-texans-2019","expected at least two clean single pick assets, found 0","","","",""
"198","manual","S1_manual_not_enough_clean_single_pick_assets","C_multi_pick_bundle_needs_split","MIA-2019-0285","houston-texans","johnson-bademosi-texans-2019","expected at least two clean single pick assets, found 0","","","",""
"199","manual","S1_manual_not_enough_clean_single_pick_assets","C_multi_pick_bundle_needs_split","PIT-2019-0366","pittsburgh-steelers","minkah-fitzpatrick-2020-4th-round-pick-135th-overall-kevin-dotson-miami-dolphins-2019","expected at least two clean single pick assets, found 0","","","",""
"200","manual","S1_manual_not_enough_clean_single_pick_assets","C_multi_pick_bundle_needs_split","PIT-2019-0366","miami-dolphins","minkah-fitzpatrick-2020-4th-round-pick-135th-overall-kevin-dotson-miami-dolphins-2019","expected at least two clean single pick assets, found 0","","","",""
"201","manual","S1_manual_not_enough_clean_single_pick_assets","C_multi_pick_bundle_needs_split","ARI-2020-0321","houston-texans","cardinals-2020-03-16-houston-texans-deandre-hopkins-and-2020-4th-round-pick-131st-overall-rasha","expected at least two clean single pick assets, found 0","","","",""
"202","manual","S1_manual_not_enough_clean_single_pick_assets","C_multi_pick_bundle_needs_split","MIN-2020-03-16-0280","minnesota-vikings","draft-pick-trade-buffalo-bills-2020","expected at least two clean single pick assets, found 0","","","",""
"203","manual","S1_manual_not_enough_clean_single_pick_assets","C_multi_pick_bundle_needs_split","IND-2020-0366","indianapolis-colts","2020-3rd-round-pick-85th-overall-julian-blackmon-2020-5th-round-pick-149th-overa","expected at least two clean single pick assets, found 0","","","",""
"204","manual","S1_manual_not_enough_clean_single_pick_assets","C_multi_pick_bundle_needs_split","MIN-2020-04-24-0282","minnesota-vikings","draft-pick-trade-new-orleans-saints-2020","expected at least two clean single pick assets, found 0","","","",""
"205","manual","S1_manual_not_enough_clean_single_pick_assets","C_multi_pick_bundle_needs_split","NYJ-2020-0275","new-york-jets","2020-4th-round-pick-125th-overall-james-morgan-2020-4th-round-pick-129th-overall-cameron-c","expected at least two clean single pick assets, found 0","","","",""
"206","manual","S1_manual_not_enough_clean_single_pick_assets","C_multi_pick_bundle_needs_split","RAI-2020-0394","las-vegas-raiders","2020-3rd-round-pick-100th-overall-new-england-patriots-2020","expected at least two clean single pick assets, found 0","","","",""
"207","manual","S1_manual_not_enough_clean_single_pick_assets","C_multi_pick_bundle_needs_split","PHI-2020-0420","philadelphia-eagles","eagles-2020-04-25-chicago-bears-0420","expected at least two clean single pick assets, found 0","","","",""
"208","manual","S1_manual_not_enough_clean_single_pick_assets","C_multi_pick_bundle_needs_split","RAM-2020-0511","los-angeles-rams","2020-4th-round-pick-136th-overall-brycen-hopkins-2020-7th-round-pick-248th-overa","expected at least two clean single pick assets, found 0","","","",""
"209","manual","S1_manual_not_enough_clean_single_pick_assets","C_multi_pick_bundle_needs_split","NYG-2021-0292","new-york-giants","2021-1st-round-pick-20th-overall-kadarius-toney-2021-5th-round-pick-164th-overal","expected at least two clean single pick assets, found 0","","","",""
"210","manual","S1_manual_not_enough_clean_single_pick_assets","C_multi_pick_bundle_needs_split","NE-2021-0424","houston-texans","2021-4th-round-pick-122nd-overall-subsequently-traded-tyler-shelvin-and-2021-6th-round-pic","expected at least two clean single pick assets, found 0","","","",""
"211","manual","S1_manual_not_enough_clean_single_pick_assets","C_multi_pick_bundle_needs_split","RAM-2021-0513","detroit-lions","matthew-stafford-detroit-lions-2021","expected at least two clean single pick assets, found 0","","","",""
"212","manual","S1_manual_not_enough_clean_single_pick_assets","C_multi_pick_bundle_needs_split","MIA-2021-0303","miami-dolphins","2021-1st-round-pick-12th-overall-subsequently-traded-49ers-2021","expected at least two clean single pick assets, found 0","","","",""
"213","manual","S1_manual_not_enough_clean_single_pick_assets","C_multi_pick_bundle_needs_split","MIA-2021-0304","philadelphia-eagles","2021-1st-round-pick-6th-overall-eagles-2021","expected at least two clean single pick assets, found 0","","","",""
"214","manual","S1_manual_not_enough_clean_single_pick_assets","C_multi_pick_bundle_needs_split","CAR-2021-0073","new-york-jets","panthers-new-york-jets-trade-2021-0073","expected at least two clean single pick assets, found 0","","","",""
"215","manual","S1_manual_not_enough_clean_single_pick_assets","C_multi_pick_bundle_needs_split","KC-2021-0266","baltimore-ravens","orlando-brown-jr-baltimore-ravens-2021","expected at least two clean single pick assets, found 0","","","",""
"216","manual","S1_manual_not_enough_clean_single_pick_assets","C_multi_pick_bundle_needs_split","CHI-2021-0480","new-york-giants","2021-1st-round-pick-11th-overall-justin-fields-new-york-giants-2021","expected at least two clean single pick assets, found 0","","","",""
"217","manual","S1_manual_not_enough_clean_single_pick_assets","C_multi_pick_bundle_needs_split","MIN-2021-04-29-0288","minnesota-vikings","draft-pick-trade-new-york-jets-2021","expected at least two clean single pick assets, found 0","","","",""
"218","manual","S1_manual_not_enough_clean_single_pick_assets","C_multi_pick_bundle_needs_split","CAR-2021-0075","carolina-panthers","panthers-chicago-bears-trade-2021-0075","expected at least two clean single pick assets, found 0","","","",""
"219","manual","S1_manual_not_enough_clean_single_pick_assets","C_multi_pick_bundle_needs_split","CAR-2021-0078","carolina-panthers","panthers-houston-texans-trade-2021-0078","expected at least two clean single pick assets, found 0","","","",""
"220","manual","S1_manual_not_enough_clean_single_pick_assets","C_multi_pick_bundle_needs_split","CIN-2021-0146","cincinnati-bengals","2021-2nd-round-pick-46th-overall-jackson-carman-2021-4th-round-pick-12","expected at least two clean single pick assets, found 0","","","",""
"221","manual","S1_manual_not_enough_clean_single_pick_assets","C_multi_pick_bundle_needs_split","CAR-2021-0079","carolina-panthers","panthers-tennessee-titans-trade-2021-0079","expected at least two clean single pick assets, found 0","","","",""
"222","manual","S1_manual_not_enough_clean_single_pick_assets","C_multi_pick_bundle_needs_split","NYG-2021-0299","new-york-giants","ben-bredeson-2022-5th-round-pick-173rd-overall-marcus-mckethan-and-2023-7th-roun","expected at least two clean single pick assets, found 0","","","",""
"223","manual","S1_manual_not_enough_clean_single_pick_assets","C_multi_pick_bundle_needs_split","IND-2022-0372","indianapolis-colts","2022-2nd-round-pick-42nd-overall-subsequently-traded-andrew-booth-2022-3rd-round","expected at least two clean single pick assets, found 0","","","",""
"224","manual","S1_manual_not_enough_clean_single_pick_assets","C_multi_pick_bundle_needs_split","IND-2022-0372","washington-commanders","2022-2nd-round-pick-42nd-overall-subsequently-traded-andrew-booth-2022-3rd-round","expected at least two clean single pick assets, found 0","","","",""
"225","manual","S1_manual_not_enough_clean_single_pick_assets","C_multi_pick_bundle_needs_split","CLE-2022-0445","houston-texans","deshaun-watson-and-2024-6th-round-pick-203rd-overall-subsequently-traded-will-re","expected at least two clean single pick assets, found 0","","","",""
"226","manual","S1_manual_not_enough_clean_single_pick_assets","C_multi_pick_bundle_needs_split","MIA-2022-0311","kansas-city-chiefs","tyreek-hill-chiefs-2022","expected at least two clean single pick assets, found 0","","","",""
"227","manual","S1_manual_not_enough_clean_single_pick_assets","C_multi_pick_bundle_needs_split","NO-2022-0327","new-orleans-saints","saints-2022-04-04-philadelphia-eagles-2022-1st-round-pick-16th-overall-subsequen","expected at least two clean single pick assets, found 0","","","",""
"228","manual","S1_manual_not_enough_clean_single_pick_assets","C_multi_pick_bundle_needs_split","NO-2022-0327","philadelphia-eagles","saints-2022-04-04-philadelphia-eagles-2022-1st-round-pick-16th-overall-subsequen","expected at least two clean single pick assets, found 0","","","",""
"229","manual","S1_manual_not_enough_clean_single_pick_assets","C_multi_pick_bundle_needs_split","KC-2022-0273","new-england-patriots","2022-1st-round-pick-21st-overall-new-england-boston-patriots-2022","expected at least two clean single pick assets, found 0","","","",""
"230","manual","S1_manual_not_enough_clean_single_pick_assets","C_multi_pick_bundle_needs_split","MIN-2022-04-28-0292","minnesota-vikings","draft-pick-trade-detroit-lions-2022","expected at least two clean single pick assets, found 0","","","",""
"231","manual","S1_manual_not_enough_clean_single_pick_assets","C_multi_pick_bundle_needs_split","NO-2022-0328","washington-commanders","saints-2022-04-28-washington-commanders-2022-1st-round-pick-11th-overall-chris-o","expected at least two clean single pick assets, found 0","","","",""
"232","manual","S1_manual_not_enough_clean_single_pick_assets","C_multi_pick_bundle_needs_split","NYJ-2022-0290","tennessee-titans","2022-1st-round-pick-26th-overall-jermaine-johnson-and-2022-3rd-round-pick-101st-overall-je","expected at least two clean single pick assets, found 0","","","",""
"233","manual","S1_manual_not_enough_clean_single_pick_assets","C_multi_pick_bundle_needs_split","PHI-2022-0433","houston-texans","eagles-2022-04-28-houston-texans-0433","expected at least two clean single pick assets, found 0","","","",""
"234","manual","S1_manual_not_enough_clean_single_pick_assets","C_multi_pick_bundle_needs_split","MIN-2022-0287","indianapolis-colts","2022-2nd-round-pick-42nd-overall-andrew-booth-baltimore-indianapolis-colts-2022","expected at least two clean single pick assets, found 0","","","",""
"235","manual","S1_manual_not_enough_clean_single_pick_assets","C_multi_pick_bundle_needs_split","CAR-2022-0092","carolina-panthers","panthers-san-francisco-49ers-trade-2022-0092","expected at least two clean single pick assets, found 0","","","",""
"236","manual","S1_manual_not_enough_clean_single_pick_assets","C_multi_pick_bundle_needs_split","MIN-2022-11-01-0302","minnesota-vikings","t-j-hockenson-detroit-lions-2022","expected at least two clean single pick assets, found 0","","","",""
"237","manual","S1_manual_not_enough_clean_single_pick_assets","C_multi_pick_bundle_needs_split","NYG-2023-0304","jacksonville-jaguars","2023-1st-round-pick-24th-overall-deonte-banks-jacksonville-jaguars-2023","expected at least two clean single pick assets, found 0","","","",""
"238","manual","S1_manual_not_enough_clean_single_pick_assets","C_multi_pick_bundle_needs_split","NYJ-2023-0296","new-york-jets","aaron-rodgers-2023-1st-round-pick-15th-overall-will-mcdonald-and-2023-5th-round-pick-170th","expected at least two clean single pick assets, found 0","","","",""
"239","manual","S1_manual_not_enough_clean_single_pick_assets","C_multi_pick_bundle_needs_split","NYJ-2023-0296","green-bay-packers","aaron-rodgers-2023-1st-round-pick-15th-overall-will-mcdonald-and-2023-5th-round-pick-170th","expected at least two clean single pick assets, found 0","","","",""
"240","manual","S1_manual_not_enough_clean_single_pick_assets","C_multi_pick_bundle_needs_split","ARI-2023-0332","arizona-cardinals","cardinals-2023-04-27-houston-texans-2023-1st-round-pick-12th-overall-subsequently-traded-jahmyr","expected at least two clean single pick assets, found 0","","","",""
"241","manual","S1_manual_not_enough_clean_single_pick_assets","C_multi_pick_bundle_needs_split","DET-2023-0397","detroit-lions","2023-1st-round-pick-12th-overall-jahmyr-gibbs-2023-2nd-round-pick-34th-overall-s","expected at least two clean single pick assets, found 0","","","",""
"242","manual","S1_manual_not_enough_clean_single_pick_assets","C_multi_pick_bundle_needs_split","ARI-2023-0334","arizona-cardinals","cardinals-2023-04-28-tennessee-titans-2023-2nd-round-pick-41st-overall-bj-ojulari-2023-3rd-roun","expected at least two clean single pick assets, found 0","","","",""
"243","manual","S1_manual_not_enough_clean_single_pick_assets","C_multi_pick_bundle_needs_split","DET-2023-0401","arizona-cardinals","2023-3rd-round-pick-96th-overall-brodric-martin-arizona-st-louis-cardinals-2023","expected at least two clean single pick assets, found 0","","","",""
"244","manual","S1_manual_not_enough_clean_single_pick_assets","C_multi_pick_bundle_needs_split","KC-2023-0279","detroit-lions","2023-2nd-round-pick-55th-overall-detroit-lions-2023","expected at least two clean single pick assets, found 0","","","",""
"245","manual","S1_manual_not_enough_clean_single_pick_assets","C_multi_pick_bundle_needs_split","PHI-2023-0444","philadelphia-eagles","eagles-2023-04-28-houston-texans-0444","expected at least two clean single pick assets, found 0","","","",""
"246","manual","S1_manual_not_enough_clean_single_pick_assets","C_multi_pick_bundle_needs_split","PHI-2023-0450","tennessee-titans","eagles-2023-10-23-tennessee-titans-0450","expected at least two clean single pick assets, found 0","","","",""
"247","manual","S1_manual_not_enough_clean_single_pick_assets","C_multi_pick_bundle_needs_split","CAR-2024-0098","carolina-panthers","panthers-new-york-giants-trade-2024-0098","expected at least two clean single pick assets, found 0","","","",""
"248","manual","S1_manual_not_enough_clean_single_pick_assets","C_multi_pick_bundle_needs_split","MIN-2024-0304","houston-texans","2024-1st-round-pick-23rd-overall-subsequently-traded-brian-thomas-houston-texans","expected at least two clean single pick assets, found 0","","","",""
"249","manual","S1_manual_not_enough_clean_single_pick_assets","C_multi_pick_bundle_needs_split","PIT-2024-0384","pittsburgh-steelers","2024-3rd-round-pick-98th-overall-payton-wilson-2025-7th-round-pick-223rd-overall-subsequently-traded-damien-martinez-philadelphia-eagles-2024","expected at least two clean single pick assets, found 0","","","",""
"250","manual","S1_manual_not_enough_clean_single_pick_assets","C_multi_pick_bundle_needs_split","BUF-2024-0337","buffalo-bills","2024-1st-round-pick-32nd-overall-subsequently-traded-xavier-legette-2024-3rd-rou","expected at least two clean single pick assets, found 0","","","",""
"251","manual","S1_manual_not_enough_clean_single_pick_assets","C_multi_pick_bundle_needs_split","BUF-2024-0337","kansas-city-chiefs","2024-1st-round-pick-32nd-overall-subsequently-traded-xavier-legette-2024-3rd-rou","expected at least two clean single pick assets, found 0","","","",""
"252","manual","S1_manual_not_enough_clean_single_pick_assets","C_multi_pick_bundle_needs_split","MIN-2024-0306","jacksonville-jaguars","2024-1st-round-pick-17th-overall-dallas-turner-jacksonville-jaguars-2024","expected at least two clean single pick assets, found 0","","","",""
"253","manual","S1_manual_not_enough_clean_single_pick_assets","C_multi_pick_bundle_needs_split","MIN-2024-04-25-0312","new-york-jets","draft-pick-trade-new-york-jets-2024","expected at least two clean single pick assets, found 0","","","",""
"254","manual","S1_manual_not_enough_clean_single_pick_assets","C_multi_pick_bundle_needs_split","CAR-2024-0101","indianapolis-colts","panthers-indianapolis-colts-trade-2024-0101","expected at least two clean single pick assets, found 0","","","",""
"255","manual","S1_manual_not_enough_clean_single_pick_assets","C_multi_pick_bundle_needs_split","NO-2024-0335","green-bay-packers","saints-2024-04-26-green-bay-packers-2024-2nd-round-pick-41st-overall-kool-aid-mc","expected at least two clean single pick assets, found 0","","","",""
"256","manual","S1_manual_not_enough_clean_single_pick_assets","C_multi_pick_bundle_needs_split","RAM-2024-0535","carolina-panthers","2024-2nd-round-pick-39th-overall-braden-fiske-carolina-panthers-2024","expected at least two clean single pick assets, found 0","","","",""
"257","manual","S1_manual_not_enough_clean_single_pick_assets","C_multi_pick_bundle_needs_split","WAS-2024-0456","washington-commanders","2024-2nd-round-pick-50th-overall-mike-sainristil-2024-2nd-round-pick-53rd-overall-ben-sinn","expected at least two clean single pick assets, found 0","","","",""
"258","manual","S1_manual_not_enough_clean_single_pick_assets","C_multi_pick_bundle_needs_split","WAS-2024-0456","philadelphia-eagles","2024-2nd-round-pick-50th-overall-mike-sainristil-2024-2nd-round-pick-53rd-overall-ben-sinn","expected at least two clean single pick assets, found 0","","","",""
"259","manual","S1_manual_not_enough_clean_single_pick_assets","C_multi_pick_bundle_needs_split","PHI-2024-0459","philadelphia-eagles","eagles-2024-04-27-detroit-lions-0459","expected at least two clean single pick assets, found 0","","","",""
"260","manual","S1_manual_not_enough_clean_single_pick_assets","C_multi_pick_bundle_needs_split","WAS-2024-0458","washington-commanders","2025-3rd-round-pick-79th-overall-subsequently-traded-jaylin-noel-2025-7th-round-pick-236th","expected at least two clean single pick assets, found 0","","","",""
"261","manual","S1_manual_not_enough_clean_single_pick_assets","C_multi_pick_bundle_needs_split","NO-2024-0337","new-orleans-saints","saints-2024-11-05-washington-commanders-2025-3rd-round-pick-93rd-overall-jonas-s","expected at least two clean single pick assets, found 0","","","",""
"262","manual","S1_manual_not_enough_clean_single_pick_assets","C_multi_pick_bundle_needs_split","NYG-2025-0311","houston-texans","2025-1st-round-pick-25th-overall-jaxson-dart-houston-texans-2025","expected at least two clean single pick assets, found 0","","","",""
"263","manual","S1_manual_not_enough_clean_single_pick_assets","C_multi_pick_bundle_needs_split","WAS-2025-0462","houston-texans","laremy-tunsil-and-2025-4th-round-pick-128th-overall-jaylin-lane-houston-texans-2025","expected at least two clean single pick assets, found 0","","","",""
"264","manual","S1_manual_not_enough_clean_single_pick_assets","C_multi_pick_bundle_needs_split","CLE-2025-0467","cleveland-browns","2025-5th-round-pick-166th-overall-subsequently-traded-tory-horton-and-a-2027-5th","expected at least two clean single pick assets, found 0","","","",""
"265","manual","S1_manual_not_enough_clean_single_pick_assets","C_multi_pick_bundle_needs_split","CLE-2025-0467","houston-texans","2025-5th-round-pick-166th-overall-subsequently-traded-tory-horton-and-a-2027-5th","expected at least two clean single pick assets, found 0","","","",""
"266","manual","S1_manual_not_enough_clean_single_pick_assets","C_multi_pick_bundle_needs_split","JAX-2025-0108","jacksonville-jaguars","travis-hunter-cleveland-browns-2025","expected at least two clean single pick assets, found 0","","","",""
"267","manual","S1_manual_not_enough_clean_single_pick_assets","C_multi_pick_bundle_needs_split","JAX-2025-0108","cleveland-browns","travis-hunter-cleveland-browns-2025","expected at least two clean single pick assets, found 0","","","",""
"268","manual","S1_manual_not_enough_clean_single_pick_assets","C_multi_pick_bundle_needs_split","BUF-2025-0343","buffalo-bills","2025-2nd-round-pick-41st-overall-t-j-sanders-2025-3rd-round-pick-72nd-overall-la","expected at least two clean single pick assets, found 0","","","",""
"269","manual","S1_manual_not_enough_clean_single_pick_assets","C_multi_pick_bundle_needs_split","BUF-2025-0343","chicago-bears","2025-2nd-round-pick-41st-overall-t-j-sanders-2025-3rd-round-pick-72nd-overall-la","expected at least two clean single pick assets, found 0","","","",""
"270","manual","S1_manual_not_enough_clean_single_pick_assets","C_multi_pick_bundle_needs_split","DEN-2025-04-25-0394","denver-broncos","2025-2nd-round-pick-57th-overall-subsequently-traded-tate-ratledge-2025-3rd-round-pick-74t","expected at least two clean single pick assets, found 0","","","",""
"271","manual","S1_manual_not_enough_clean_single_pick_assets","C_multi_pick_bundle_needs_split","DEN-2025-04-25-0394","carolina-panthers","2025-2nd-round-pick-57th-overall-subsequently-traded-tate-ratledge-2025-3rd-round-pick-74t","expected at least two clean single pick assets, found 0","","","",""
"272","manual","S1_manual_not_enough_clean_single_pick_assets","C_multi_pick_bundle_needs_split","DEN-2025-04-25-0396","philadelphia-eagles","2025-3rd-round-pick-101st-overall-sai-vion-jones-and-2025-4th-round-pick-134th-overall-qua","expected at least two clean single pick assets, found 0","","","",""
"273","manual","S1_manual_not_enough_clean_single_pick_assets","C_multi_pick_bundle_needs_split","JAX-2025-0109","jacksonville-jaguars","2025-3rd-round-pick-102nd-overall-subsequently-traded-detroit-lions-2025","expected at least two clean single pick assets, found 0","","","",""
"274","manual","S1_manual_not_enough_clean_single_pick_assets","C_multi_pick_bundle_needs_split","JAX-2025-0109","detroit-lions","2025-3rd-round-pick-102nd-overall-subsequently-traded-detroit-lions-2025","expected at least two clean single pick assets, found 0","","","",""
"275","manual","S1_manual_not_enough_clean_single_pick_assets","C_multi_pick_bundle_needs_split","DEN-2025-08-20-0398","denver-broncos","2026-4th-round-pick-108th-overall-jonah-coleman-and-a-2027-7th-round-pick-new-orleans-sain","expected at least two clean single pick assets, found 0","","","",""
"276","manual","S1_manual_not_enough_clean_single_pick_assets","C_multi_pick_bundle_needs_split","MIN-2025-08-20-0322","minnesota-vikings","draft-pick-trade-new-york-jets-2025","expected at least two clean single pick assets, found 0","","","",""
"277","manual","S1_manual_not_enough_clean_single_pick_assets","C_multi_pick_bundle_needs_split","MIN-2025-08-24-0323","minnesota-vikings","draft-pick-trade-philadelphia-eagles-2025","expected at least two clean single pick assets, found 0","","","",""
"278","manual","S1_manual_not_enough_clean_single_pick_assets","C_multi_pick_bundle_needs_split","MIN-2025-08-27-0325","minnesota-vikings","adam-thielen-carolina-panthers-2025","expected at least two clean single pick assets, found 0","","","",""
"279","manual","S1_manual_not_enough_clean_single_pick_assets","C_multi_pick_bundle_needs_split","MIN-2025-08-27-0325","carolina-panthers","adam-thielen-carolina-panthers-2025","expected at least two clean single pick assets, found 0","","","",""
"280","manual","S1_manual_not_enough_clean_single_pick_assets","C_multi_pick_bundle_needs_split","DAL-2025-0352","dallas-cowboys","kenny-clark-2026-1st-round-pick-and-a-2027-1st-round-pick-green-bay-packers-2025","expected at least two clean single pick assets, found 0","","","",""
"281","manual","S1_manual_not_enough_clean_single_pick_assets","C_multi_pick_bundle_needs_split","DAL-2025-0354","new-york-jets","quinnen-williams-new-york-jets-2025","expected at least two clean single pick assets, found 0","","","",""
"282","manual","S1_manual_not_enough_clean_single_pick_assets","C_multi_pick_bundle_needs_split","IND-2025-0388","new-york-jets","sauce-gardner-new-york-jets-2025","expected at least two clean single pick assets, found 0","","","",""
"283","manual","S1_manual_not_enough_clean_single_pick_assets","C_multi_pick_bundle_needs_split","NYG-2026-0314","cleveland-browns","2026-3rd-round-pick-74th-overall-malachi-fields-cleveland-browns-2026","expected at least two clean single pick assets, found 0","","","",""
"284","manual","S1_manual_not_enough_clean_single_pick_assets","C_multi_pick_bundle_needs_split","DET-2026-0416","detroit-lions","juice-scruggs-2026-4th-round-pick-128th-overall-subsequently-traded-connor-lew-a","expected at least two clean single pick assets, found 0","","","",""
"285","manual","S1_manual_not_enough_clean_single_pick_assets","C_multi_pick_bundle_needs_split","KC-2026-0300","kansas-city-chiefs","2026-1st-round-pick-29th-overall-los-angeles-st-louis-rams-2026","expected at least two clean single pick assets, found 0","","","",""
"286","manual","S1_manual_not_enough_clean_single_pick_assets","C_multi_pick_bundle_needs_split","DEN-2026-03-17-0399","miami-dolphins","jaylen-waddle-and-2026-4th-round-pick-111th-overall-kage-casey-miami-dolphins-2026","expected at least two clean single pick assets, found 0","","","",""
"287","manual","S1_manual_not_enough_clean_single_pick_assets","C_multi_pick_bundle_needs_split","BUF-2026-0347","buffalo-bills","2026-1st-round-pick-28th-overall-subsequently-traded-caleb-lomu-2026-3rd-round-p","expected at least two clean single pick assets, found 0","","","",""
"288","manual","S1_manual_not_enough_clean_single_pick_assets","C_multi_pick_bundle_needs_split","BUF-2026-0349","buffalo-bills","2026-2nd-round-pick-35th-overall-t-j-parker-2026-3rd-round-pick-66th-overall-sub","expected at least two clean single pick assets, found 0","","","",""
"289","manual","S1_manual_not_enough_clean_single_pick_assets","C_multi_pick_bundle_needs_split","BUF-2026-0349","new-york-jets","2026-2nd-round-pick-35th-overall-t-j-parker-2026-3rd-round-pick-66th-overall-sub","expected at least two clean single pick assets, found 0","","","",""
"290","manual","S1_manual_not_enough_clean_single_pick_assets","C_multi_pick_bundle_needs_split","DAL-2026-0358","miami-dolphins","2026-1st-round-pick-miami-dolphins-2026","expected at least two clean single pick assets, found 0","","","",""
"291","manual","S1_manual_not_enough_clean_single_pick_assets","C_multi_pick_bundle_needs_split","HOU-2026-0131","buffalo-bills","2026-1st-round-pick-buffalo-bills-2026","expected at least two clean single pick assets, found 0","","","",""
"292","manual","S1_manual_not_enough_clean_single_pick_assets","C_multi_pick_bundle_needs_split","KC-2026-0302","cleveland-browns","2026-1st-round-pick-6th-overall-cleveland-browns-2026","expected at least two clean single pick assets, found 0","","","",""
"293","manual","S1_manual_not_enough_clean_single_pick_assets","C_multi_pick_bundle_needs_split","PHI-2026-0482","philadelphia-eagles","eagles-2026-04-23-dallas-cowboys-0482","expected at least two clean single pick assets, found 0","","","",""
"294","manual","S1_manual_not_enough_clean_single_pick_assets","C_multi_pick_bundle_needs_split","PHI-2026-0482","dallas-cowboys","eagles-2026-04-23-dallas-cowboys-0482","expected at least two clean single pick assets, found 0","","","",""
"295","manual","S1_manual_not_enough_clean_single_pick_assets","C_multi_pick_bundle_needs_split","CLE-2026-0480","cleveland-browns","2026-4th-round-pick-105th-overall-subsequently-traded-brenen-thompson-2026-5th-r","expected at least two clean single pick assets, found 0","","","",""
"296","manual","S1_manual_not_enough_clean_single_pick_assets","C_multi_pick_bundle_needs_split","LAC-2026-0379","los-angeles-chargers","2026-2nd-round-pick-63rd-overall-jake-slaughter-2026-4th-round-pick-131st-overal","expected at least two clean single pick assets, found 0","","","",""
"297","manual","S1_manual_not_enough_clean_single_pick_assets","C_multi_pick_bundle_needs_split","LAC-2026-0380","los-angeles-chargers","2026-4th-round-pick-105th-overall-brenen-thompson-2026-5th-round-pick-145th-over","expected at least two clean single pick assets, found 0","","","",""
"298","manual","S1_manual_not_enough_clean_single_pick_assets","C_multi_pick_bundle_needs_split","MIN-2026-04-24-0327","minnesota-vikings","draft-pick-trade-philadelphia-eagles-2026","expected at least two clean single pick assets, found 0","","","",""
"299","manual","S1_manual_not_enough_clean_single_pick_assets","C_multi_pick_bundle_needs_split","PIT-2026-0394","indianapolis-colts","2026-2nd-round-pick-47th-overall-germie-bernard-indianapolis-colts-2026","expected at least two clean single pick assets, found 0","","","",""
"300","manual","S1_manual_not_enough_clean_single_pick_assets","C_multi_pick_bundle_needs_split","BUF-2026-0351","buffalo-bills","2026-4th-round-pick-102nd-overall-jude-bowry-and-a-2027-7th-round-pick-las-vegas","expected at least two clean single pick assets, found 0","","","",""
"301","manual","S1_manual_not_enough_clean_single_pick_assets","C_multi_pick_bundle_needs_split","MIN-2026-0321","new-england-patriots","2026-6th-round-pick-198th-overall-demond-claiborne-new-england-patriots-2026","expected at least two clean single pick assets, found 0","","","",""
"302","manual","S1_manual_not_enough_clean_single_pick_assets","C_multi_pick_bundle_needs_split","RAM-2026-0546","philadelphia-eagles","2026-6th-round-pick-197th-overall-cj-daniels-philadelphia-eagles-2026","expected at least two clean single pick assets, found 0","","","",""
"303","manual","S1_manual_not_enough_clean_single_pick_assets","C_multi_pick_bundle_needs_split","SF-2026-0435","san-francisco-49ers","2026-5th-round-pick-154th-overall-jaden-dugger-baltimore-ravens-2026","expected at least two clean single pick assets, found 0","","","",""
"304","manual","S1_manual_not_enough_clean_single_pick_assets","C_multi_pick_bundle_needs_split","PHI-2026-0485","philadelphia-eagles","eagles-2026-06-01-new-england-patriots-0485","expected at least two clean single pick assets, found 0","","","",""
"305","manual","S1_manual_not_enough_clean_single_pick_assets","C_multi_pick_bundle_needs_split","RAM-2026-0547","cleveland-browns","myles-garrett-cleveland-browns-2026","expected at least two clean single pick assets, found 0","","","",""
"306","manual","S1_manual_not_exactly_one_bundle","I_other_asset_structure_review","DEN-1971-09-08-0084","denver-broncos","1972-13th-round-pick-undisclosed-draft-pick-new-england-patriots-1971","expected exactly one bundle candidate, found 0","","","",""
