"ordinal","reviewClass","lane","sourceBucket","id","team","slug","reason","strictSplitBundles","exactDuplicateRemovalCount","netAssetChangeIfStrictApplied","reportAssets","duplicateGroups","warnings","errors"
"1","manual","S3_manual_complex_multipick_no_strict_action","C_multi_pick_bundle_needs_split","RAM-1953-0033","los-angeles-rams","undisclosed-draft-pick-possibly-1954-57-charlie-allen-possibly-1954-117-ed-hughe","complex multi-pick hold has no strict action","0","0","0","pick matches=1 risks=none parts=1 :: undisclosed draft pick (possibly 1954 #57-Charlie Allen) (possibly 1954 #117-Ed Hughes (D.))","","",""
"2","manual","S3_manual_complex_multipick_no_strict_action","C_multi_pick_bundle_needs_split","PHI-1953-0029","los-angeles-rams","eagles-1953-09-21-los-angeles-st-louis-rams-0029","complex multi-pick hold has no strict action","0","0","0","pick matches=1 risks=none parts=1 :: draft pick (possibly 1954 #57-Charlie Allen) (possibly 1954 #117-Ed Hughes (D.))","","",""
"3","manual","S3_manual_complex_multipick_no_strict_action","C_multi_pick_bundle_needs_split","RAM-1957-0067","los-angeles-rams","undisclosed-draft-pick-possibly-1958-44-frank-woidzik-possibly-1958-55-frank-rya","complex multi-pick hold has no strict action","0","0","0","pick matches=1 risks=none parts=1 :: undisclosed draft pick (possibly 1958 #44-Frank Woidzik) (possibly 1958 #55-Frank Ryan)","","",""
"4","manual","S3_manual_conditional_or_alternative_complex_pick","C_multi_pick_bundle_needs_split","PIT-1957-0060","detroit-lions","dave-liddick-detroit-lions-1957","complex multi-pick asset has conditional/or/special source interpretation","0","0","0","pick matches=1 risks=or_word|word_glued_after_parenthetical parts=1 :: draft pick (possibly 1958 #92-Karl Koepfer) or (possibly 1958 #103-Jim Loftin)","","",""
"5","manual","S3_manual_conditional_or_alternative_complex_pick","C_multi_pick_bundle_needs_split","PIT-1960-0092","san-francisco-49ers","fred-williamson-san-francisco-49ers-1960","complex multi-pick asset has conditional/or/special source interpretation","0","0","0","pick matches=1 risks=or_word|slash_alternative parts=1 :: draft pick (possibly 1961 #47 Aaron Thomas or 1961 #118-Leon Donahue or 1961 #174-Tom Hackler / Tommy Hackler)","","",""
"6","manual","S3_manual_conditional_or_alternative_complex_pick","C_multi_pick_bundle_needs_split","BUF-1964-0024","kansas-city-chiefs","joe-auer-kansas-city-chiefs-1964","complex multi-pick asset has conditional/or/special source interpretation","0","0","0","pick matches=1 risks=or_word|slash_alternative|conditional_or_special|explanatory_or_contingent parts=1 :: 1965 ""high"" draft pick (probably #16-Ronnie Caveness OR #32-Frank Pitts) / cash","","",""
"7","manual","S3_manual_conditional_or_alternative_complex_pick","C_multi_pick_bundle_needs_split","RAM-1967-0137","pittsburgh-steelers","willie-daniel-pittsburgh-steelers-1967","complex multi-pick asset has conditional/or/special source interpretation","0","0","0","pick matches=1 risks=or_word|slash_alternative parts=1 :: draft pick (possibly 1968 #79-Ken Hebert / Ken Herbert OR possibly 1968 #189-Bill Glennon)","","",""
"8","manual","S3_manual_conditional_or_alternative_complex_pick","C_multi_pick_bundle_needs_split","ATL-1968-0033","atlanta-falcons","draft-pick-probably-1969-138-wally-oyler-or-possibly-164-ted-cottrell-detroit-li","complex multi-pick asset has conditional/or/special source interpretation","0","0","0","pick matches=1 risks=or_word|explanatory_or_contingent parts=1 :: draft pick (probably 1969 #138-Wally Oyler OR possibly #164-Ted Cottrell)","","",""
"9","manual","S3_manual_conditional_or_alternative_complex_pick","C_multi_pick_bundle_needs_split","ATL-1968-0036","atlanta-falcons","draft-pick-possibly-1968-137-wally-oyler-or-164-ted-cottrell-detroit-lions-1968","complex multi-pick asset has conditional/or/special source interpretation","0","0","0","pick matches=1 risks=or_word parts=1 :: draft pick (possibly 1968 #137-Wally Oyler OR #164-Ted Cottrell)","","",""
"10","manual","S3_manual_complex_multipick_no_strict_action","C_multi_pick_bundle_needs_split","DEN-1970-08-31-0063","buffalo-bills","booker-edgerson-buffalo-bills-1970","complex multi-pick hold has no strict action","0","0","0","pick matches=1 risks=none parts=1 :: 1972 fifth round pick (possibly #108-Bob Penchion) (possibly #109-Billy Taylor) || player matches=1 risks=none parts=1 :: exact slot unknown","","",""
"11","manual","S3_manual_conditional_or_alternative_complex_pick","C_multi_pick_bundle_needs_split","ATL-1971-0092","arizona-cardinals","tony-plummer-arizona-cardinals-1971","complex multi-pick asset has conditional/or/special source interpretation","0","0","0","pick matches=1 risks=slash_alternative parts=1 :: draft pick (possibly 1972 #250-Mike Franks / Mike Frank) (possibly 1972 #431-Bill Holland)","","",""
"12","manual","S3_manual_conditional_or_alternative_complex_pick","C_multi_pick_bundle_needs_split","RAM-1971-0200","washington-commanders","1973-sixth-round-pick-133-jim-peterson-1973-second-round-pick-later-revised-to-1","complex multi-pick asset has conditional/or/special source interpretation","0","0","0","player matches=1 risks=none parts=1 :: Richie Petitbon || pick matches=1 risks=none parts=1 :: 1972 fifth round pick (#121-Larry Edwards) || pick matches=1 risks=none parts=1 :: 1972 draft pick (?-?) || pick matches=1 risks=or_word parts=1 :: 1973 draft pick (possibly #193-Mike Hankock or #245-Ken Stone)","","",""
"13","manual","S3_manual_complex_multipick_no_strict_action","C_multi_pick_bundle_needs_split","DEN-1971-08-31-0083","buffalo-bills","george-byrd-butch-byrd-buffalo-bills-1971","complex multi-pick hold has no strict action","0","0","0","pick matches=1 risks=none parts=1 :: 1972 fifth round pick (possibly #108-Bob Penchion) (possibly #109-Billy Taylor)","","",""
"14","manual","S3_manual_conditional_or_alternative_complex_pick","C_multi_pick_bundle_needs_split","ATL-1971-0095","atlanta-falcons","1972-second-round-pick-40-pat-sullivan-or-41-steve-okoniewski-detroit-lions-1971","complex multi-pick asset has conditional/or/special source interpretation","0","0","0","pick matches=1 risks=or_word parts=1 :: 1972 second round pick (#40-Pat Sullivan OR #41-Steve Okoniewski)","","",""
"15","manual","S3_manual_complex_multipick_no_strict_action","C_multi_pick_bundle_needs_split","SF-1973-0102","san-francisco-49ers","undisclosed-draft-pick-probably-1976-63-keith-simons-possibly-1974-new-orleans-saints-1973","complex multi-pick hold has no strict action","0","0","0","pick matches=1 risks=explanatory_or_contingent parts=1 :: undisclosed draft pick (probably 1976 #63-Keith Simons) (possibly 1974 #83-Clint Haslerig)","","",""
"16","manual","S3_manual_complex_multipick_no_strict_action","C_multi_pick_bundle_needs_split","DEN-1974-10-22-0127","denver-broncos","jim-marsalis-later-replaced-by-1975-fourth-round-pick-84-steve-taylor-a-1975-tenth-round-p","complex multi-pick hold has no strict action","0","0","0","pick matches=1 risks=explanatory_or_contingent|word_glued_after_parenthetical parts=1 :: Jim Marsalis (later replaced by 1975 fourth round pick (#84-Steve Taylor (a)), 1975 tenth round pick (#240-Hank Engelhardt) when Marsalis failed physical)","","",""
"17","manual","S3_manual_conditional_or_alternative_complex_pick","C_multi_pick_bundle_needs_split","SEA-1984-07-31-0046","new-england-patriots","bob-cryder-new-england-patriots-1984","complex multi-pick asset has conditional/or/special source interpretation","0","0","0","pick matches=1 risks=or_word parts=1 :: 1985 third round pick or 1986 second round pick (Patriots choice) (1986 #42-Mike Ruth)","","",""
"18","manual","S3_manual_conditional_or_alternative_complex_pick","C_multi_pick_bundle_needs_split","DEN-1984-10-09-0192","cincinnati-bengals","rights-to-ricky-hunley-cincinnati-bengals-1984","complex multi-pick asset has conditional/or/special source interpretation","0","0","0","pick matches=1 risks=none parts=1 :: 1986 first round pick (#21-Tim McGee) || pick matches=1 risks=or_word parts=1 :: third round pick (Buccaneers 1985 third round pick or Broncos 1986 third round pick) (1986 #78-David Fulcher) || pick matches=1 risks=none parts=1 :: 1987 fifth round pick (#139-Greg Horne (b))","","",""
"19","manual","S3_manual_conditional_or_alternative_complex_pick","C_multi_pick_bundle_needs_split","RAI-1988-0227","washington-commanders","jay-schroeder-washington-commanders-redskins-1988","complex multi-pick asset has conditional/or/special source interpretation","0","0","0","player matches=1 risks=none parts=1 :: Jim Lachey || pick matches=1 risks=or_word|explanatory_or_contingent parts=2 :: 1989 third round pick or 1989 fourth round pick and 1989 fifth round pick (Raiders option) (probably #110-Erik Affholter) (probably #139-Lybrant Robinson) || pick matches=1 risks=none parts=1 :: 1990 fourth round pick (#109-Rico Labbe) || pick matches=1 risks=none parts=1 :: 1990 fifth round pick (#137-Leroy Holt)","","",""
"20","manual","S3_manual_transaction_or_sentence_context","C_multi_pick_bundle_needs_split","ATL-1990-0184","indianapolis-colts","chris-hinton-indianapolis-colts-1990","complex multi-pick asset has transaction/source narrative text","0","0","0","pick matches=1 risks=none parts=1 :: 1990 first round pick (#1-Jeff George (Scott)) || pick matches=1 risks=none parts=1 :: 1990 fourth round pick (#83-Stacey Simmons) || pick matches=1 risks=conditional_or_special|transaction_verb_leak parts=1 :: 1991 conditional pick (second round if Colts 1991 first round pick sent to Falcons is #1-4, third round if pick is #5-12) (not exercised)","","",""
"21","manual","S3_manual_transaction_or_sentence_context","C_multi_pick_bundle_needs_split","NYJ-1996-0159","new-york-jets","james-brown-to-dolphins-redskins-sent-1997-6th-round-pick-180th-overall-calvin-collins-and","complex multi-pick asset has transaction/source narrative text","0","0","0","pick matches=1 risks=transaction_verb_leak|sentence_fragment_leak|post_parenthetical_route_language|word_glued_after_parenthetical parts=2 :: James Brown to Dolphins. Redskins sent 1997 6th round pick (180th overall, Calvin Collins) and 1997 7th round pick (222nd overall, Chris Bayne) to Falcons. Dolphins sent 1997 5th round pick (145th overall, Raymond Austin)","","",""
"22","manual","S3_manual_transaction_or_sentence_context","C_multi_pick_bundle_needs_split","MIN-2020-04-23-0281","minnesota-vikings","draft-pick-trade-san-francisco-49ers-2020","complex multi-pick asset has transaction/source narrative text","0","0","0","pick matches=1 risks=sentence_fragment_leak parts=3 :: 2020 1st-round pick (#31 Jeff Gladney), 2020 4th-round pick (#117 D.J. Wonnum), and 2020 5th-round pick (#176 K.J. Osborn)","","",""
"23","manual","S3_manual_transaction_or_sentence_context","C_multi_pick_bundle_needs_split","KC-2021-0266","kansas-city-chiefs","orlando-brown-jr-baltimore-ravens-2021","complex multi-pick asset has transaction/source narrative text","0","0","0","pick matches=1 risks=explanatory_or_contingent|transaction_verb_leak|word_glued_after_parenthetical parts=3 :: Orlando Brown Jr., 2021 2nd round pick (58th overall, Nick Bolton) and 2022 6th round pick (191st overall subsequently traded, Jalen Nailor)","","",""
"24","manual","S3_manual_complex_multipick_no_strict_action","C_multi_pick_bundle_needs_split","MIN-2023-04-28-0303","minnesota-vikings","draft-pick-trade-san-francisco-49ers-2023","complex multi-pick hold has no strict action","0","0","0","pick matches=1 risks=none parts=3 :: 2023 3rd-round pick (#102 Mekhi Blackmon), 2023 5th-round pick (#164 Jaren Hall), and 2023 7th-round pick (#222 DeWayne McBride)","","",""
"25","manual","S3_manual_transaction_or_sentence_context","C_multi_pick_bundle_needs_split","BUF-2024-0335","houston-texans","2025-second-round-pick-houston-texans-2024","complex multi-pick asset has transaction/source narrative text","0","0","0","pick matches=1 risks=explanatory_or_contingent|transaction_verb_leak parts=3 :: Stefon Diggs, 2024 sixth-round pick (#189 overall), and 2025 fifth-round pick (#166 overall subsequently traded, Tory Horton) || pick matches=1 risks=none parts=1 :: Draft-pick compensation","","",""
"26","manual","S3_manual_transaction_or_sentence_context","C_multi_pick_bundle_needs_split","MIN-2025-03-18-0318","san-francisco-49ers","jordan-mason-san-francisco-49ers-2025","complex multi-pick asset has transaction/source narrative text","0","0","0","pick matches=1 risks=explanatory_or_contingent|transaction_verb_leak|word_glued_after_parenthetical parts=2 :: 2025 5th-round pick (#160 Marques Sigle) and 2026 6th-round pick (#198 later traded, Demond Claiborne)","","",""
